Date,Currency,Exchange
01/01/2024,USD,1.0
01/01/2024,CAD,1.32
01/01/2024,AUD,1.55
01/01/2024,EUR,0.92
01/01/2024,GBP,0.79
01/02/2024,USD,1.0
01/02/2024,CAD,1.32
01/02/2024,AUD,1.55
01/02/2024,EUR,0.92
01/02/2024,GBP,0.79
01/03/2024,USD,1.0
01/03/2024,CAD,1.32
01/03/2024,AUD,1.55
01/03/2024,EUR,0.92
01/03/2024,GBP,0.79
01/04/2024,USD,1.0
01/04/2024,CAD,1.32
01/04/2024,AUD,1.55
01/04/2024,EUR,0.92
01/04/2024,GBP,0.79
01/05/2024,USD,1.0
01/05/2024,CAD,1.32
01/05/2024,AUD,1.55
01/05/2024,EUR,0.92
01/05/2024,GBP,0.79
01/06/2024,USD,1.0
01/06/2024,CAD,1.32
01/06/2024,AUD,1.55
01/06/2024,EUR,0.92
01/06/2024,GBP,0.79
01/07/2024,USD,1.0
01/07/2024,CAD,1.32
01/07/2024,AUD,1.55
01/07/2024,EUR,0.92
01/07/2024,GBP,0.79
01/08/2024,USD,1.0
01/08/2024,CAD,1.32
01/08/2024,AUD,1.55
01/08/2024,EUR,0.92
01/08/2024,GBP,0.79
01/09/2024,USD,1.0
01/09/2024,CAD,1.32
01/09/2024,AUD,1.55
01/09/2024,EUR,0.92
01/09/2024,GBP,0.79
01/10/2024,USD,1.0
01/10/2024,CAD,1.32
01/10/2024,AUD,1.55
01/10/2024,EUR,0.92
01/10/2024,GBP,0.79
01/11/2024,USD,1.0
01/11/2024,CAD,1.32
01/11/2024,AUD,1.55
01/11/2024,EUR,0.92
01/11/2024,GBP,0.79
01/12/2024,USD,1.0
01/12/2024,CAD,1.32
01/12/2024,AUD,1.55
01/12/2024,EUR,0.92
01/12/2024,GBP,0.79
01/13/2024,USD,1.0
01/13/2024,CAD,1.32
01/13/2024,AUD,1.55
01/13/2024,EUR,0.92
01/13/2024,GBP,0.79
01/14/2024,USD,1.0
01/14/2024,CAD,1.32
01/14/2024,AUD,1.55
01/14/2024,EUR,0.92
01/14/2024,GBP,0.79
01/15/2024,USD,1.0
01/15/2024,CAD,1.32
01/15/2024,AUD,1.55
01/15/2024,EUR,0.92
01/15/2024,GBP,0.79
01/16/2024,USD,1.0
01/16/2024,CAD,1.32
01/16/2024,AUD,1.55
01/16/2024,EUR,0.92
01/16/2024,GBP,0.79
01/17/2024,USD,1.0
01/17/2024,CAD,1.32
01/17/2024,AUD,1.55
01/17/2024,EUR,0.92
01/17/2024,GBP,0.79
01/18/2024,USD,1.0
01/18/2024,CAD,1.32
01/18/2024,AUD,1.55
01/18/2024,EUR,0.92
01/18/2024,GBP,0.79
01/19/2024,USD,1.0
01/19/2024,CAD,1.32
01/19/2024,AUD,1.55
01/19/2024,EUR,0.92
01/19/2024,GBP,0.79
01/20/2024,USD,1.0
01/20/2024,CAD,1.32
01/20/2024,AUD,1.55
01/20/2024,EUR,0.92
01/20/2024,GBP,0.79
01/21/2024,USD,1.0
01/21/2024,CAD,1.32
01/21/2024,AUD,1.55
01/21/2024,EUR,0.92
01/21/2024,GBP,0.79
01/22/2024,USD,1.0
01/22/2024,CAD,1.32
01/22/2024,AUD,1.55
01/22/2024,EUR,0.92
01/22/2024,GBP,0.79
01/23/2024,USD,1.0
01/23/2024,CAD,1.32
01/23/2024,AUD,1.55
01/23/2024,EUR,0.92
01/23/2024,GBP,0.79
01/24/2024,USD,1.0
01/24/2024,CAD,1.32
01/24/2024,AUD,1.55
01/24/2024,EUR,0.92
01/24/2024,GBP,0.79
01/25/2024,USD,1.0
01/25/2024,CAD,1.32
01/25/2024,AUD,1.55
01/25/2024,EUR,0.92
01/25/2024,GBP,0.79
01/26/2024,USD,1.0
01/26/2024,CAD,1.32
01/26/2024,AUD,1.55
01/26/2024,EUR,0.92
01/26/2024,GBP,0.79
01/27/2024,USD,1.0
01/27/2024,CAD,1.32
01/27/2024,AUD,1.55
01/27/2024,EUR,0.92
01/27/2024,GBP,0.79
01/28/2024,USD,1.0
01/28/2024,CAD,1.32
01/28/2024,AUD,1.55
01/28/2024,EUR,0.92
01/28/2024,GBP,0.79
01/29/2024,USD,1.0
01/29/2024,CAD,1.32
01/29/2024,AUD,1.55
01/29/2024,EUR,0.92
01/29/2024,GBP,0.79
01/30/2024,USD,1.0
01/30/2024,CAD,1.32
01/30/2024,AUD,1.55
01/30/2024,EUR,0.92
01/30/2024,GBP,0.79
01/31/2024,USD,1.0
01/31/2024,CAD,1.32
01/31/2024,AUD,1.55
01/31/2024,EUR,0.92
01/31/2024,GBP,0.79
02/01/2024,USD,1.0
02/01/2024,CAD,1.32
02/01/2024,AUD,1.55
02/01/2024,EUR,0.92
02/01/2024,GBP,0.79
02/02/2024,USD,1.0
02/02/2024,CAD,1.32
02/02/2024,AUD,1.55
02/02/2024,EUR,0.92
02/02/2024,GBP,0.79
02/03/2024,USD,1.0
02/03/2024,CAD,1.32
02/03/2024,AUD,1.55
02/03/2024,EUR,0.92
02/03/2024,GBP,0.79
02/04/2024,USD,1.0
02/04/2024,CAD,1.32
02/04/2024,AUD,1.55
02/04/2024,EUR,0.92
02/04/2024,GBP,0.79
02/05/2024,USD,1.0
02/05/2024,CAD,1.32
02/05/2024,AUD,1.55
02/05/2024,EUR,0.92
02/05/2024,GBP,0.79
02/06/2024,USD,1.0
02/06/2024,CAD,1.32
02/06/2024,AUD,1.55
02/06/2024,EUR,0.92
02/06/2024,GBP,0.79
02/07/2024,USD,1.0
02/07/2024,CAD,1.32
02/07/2024,AUD,1.55
02/07/2024,EUR,0.92
02/07/2024,GBP,0.79
02/08/2024,USD,1.0
02/08/2024,CAD,1.32
02/08/2024,AUD,1.55
02/08/2024,EUR,0.92
02/08/2024,GBP,0.79
02/09/2024,USD,1.0
02/09/2024,CAD,1.32
02/09/2024,AUD,1.55
02/09/2024,EUR,0.92
02/09/2024,GBP,0.79
02/10/2024,USD,1.0
02/10/2024,CAD,1.32
02/10/2024,AUD,1.55
02/10/2024,EUR,0.92
02/10/2024,GBP,0.79
02/11/2024,USD,1.0
02/11/2024,CAD,1.32
02/11/2024,AUD,1.55
02/11/2024,EUR,0.92
02/11/2024,GBP,0.79
02/12/2024,USD,1.0
02/12/2024,CAD,1.32
02/12/2024,AUD,1.55
02/12/2024,EUR,0.92
02/12/2024,GBP,0.79
02/13/2024,USD,1.0
02/13/2024,CAD,1.32
02/13/2024,AUD,1.55
02/13/2024,EUR,0.92
02/13/2024,GBP,0.79
02/14/2024,USD,1.0
02/14/2024,CAD,1.32
02/14/2024,AUD,1.55
02/14/2024,EUR,0.92
02/14/2024,GBP,0.79
02/15/2024,USD,1.0
02/15/2024,CAD,1.32
02/15/2024,AUD,1.55
02/15/2024,EUR,0.92
02/15/2024,GBP,0.79
02/16/2024,USD,1.0
02/16/2024,CAD,1.32
02/16/2024,AUD,1.55
02/16/2024,EUR,0.92
02/16/2024,GBP,0.79
02/17/2024,USD,1.0
02/17/2024,CAD,1.32
02/17/2024,AUD,1.55
02/17/2024,EUR,0.92
02/17/2024,GBP,0.79
02/18/2024,USD,1.0
02/18/2024,CAD,1.32
02/18/2024,AUD,1.55
02/18/2024,EUR,0.92
02/18/2024,GBP,0.79
02/19/2024,USD,1.0
02/19/2024,CAD,1.32
02/19/2024,AUD,1.55
02/19/2024,EUR,0.92
02/19/2024,GBP,0.79
02/20/2024,USD,1.0
02/20/2024,CAD,1.32
02/20/2024,AUD,1.55
02/20/2024,EUR,0.92
02/20/2024,GBP,0.79
02/21/2024,USD,1.0
02/21/2024,CAD,1.32
02/21/2024,AUD,1.55
02/21/2024,EUR,0.92
02/21/2024,GBP,0.79
02/22/2024,USD,1.0
02/22/2024,CAD,1.32
02/22/2024,AUD,1.55
02/22/2024,EUR,0.92
02/22/2024,GBP,0.79
02/23/2024,USD,1.0
02/23/2024,CAD,1.32
02/23/2024,AUD,1.55
02/23/2024,EUR,0.92
02/23/2024,GBP,0.79
02/24/2024,USD,1.0
02/24/2024,CAD,1.32
02/24/2024,AUD,1.55
02/24/2024,EUR,0.92
02/24/2024,GBP,0.79
02/25/2024,USD,1.0
02/25/2024,CAD,1.32
02/25/2024,AUD,1.55
02/25/2024,EUR,0.92
02/25/2024,GBP,0.79
02/26/2024,USD,1.0
02/26/2024,CAD,1.32
02/26/2024,AUD,1.55
02/26/2024,EUR,0.92
02/26/2024,GBP,0.79
02/27/2024,USD,1.0
02/27/2024,CAD,1.32
02/27/2024,AUD,1.55
02/27/2024,EUR,0.92
02/27/2024,GBP,0.79
02/28/2024,USD,1.0
02/28/2024,CAD,1.32
02/28/2024,AUD,1.55
02/28/2024,EUR,0.92
02/28/2024,GBP,0.79
02/29/2024,USD,1.0
02/29/2024,CAD,1.32
02/29/2024,AUD,1.55
02/29/2024,EUR,0.92
02/29/2024,GBP,0.79
03/01/2024,USD,1.0
03/01/2024,CAD,1.32
03/01/2024,AUD,1.55
03/01/2024,EUR,0.92
03/01/2024,GBP,0.79
03/02/2024,USD,1.0
03/02/2024,CAD,1.32
03/02/2024,AUD,1.55
03/02/2024,EUR,0.92
03/02/2024,GBP,0.79
03/03/2024,USD,1.0
03/03/2024,CAD,1.32
03/03/2024,AUD,1.55
03/03/2024,EUR,0.92
03/03/2024,GBP,0.79
03/04/2024,USD,1.0
03/04/2024,CAD,1.32
03/04/2024,AUD,1.55
03/04/2024,EUR,0.92
03/04/2024,GBP,0.79
03/05/2024,USD,1.0
03/05/2024,CAD,1.32
03/05/2024,AUD,1.55
03/05/2024,EUR,0.92
03/05/2024,GBP,0.79
03/06/2024,USD,1.0
03/06/2024,CAD,1.32
03/06/2024,AUD,1.55
03/06/2024,EUR,0.92
03/06/2024,GBP,0.79
03/07/2024,USD,1.0
03/07/2024,CAD,1.32
03/07/2024,AUD,1.55
03/07/2024,EUR,0.92
03/07/2024,GBP,0.79
03/08/2024,USD,1.0
03/08/2024,CAD,1.32
03/08/2024,AUD,1.55
03/08/2024,EUR,0.92
03/08/2024,GBP,0.79
03/09/2024,USD,1.0
03/09/2024,CAD,1.32
03/09/2024,AUD,1.55
03/09/2024,EUR,0.92
03/09/2024,GBP,0.79
03/10/2024,USD,1.0
03/10/2024,CAD,1.32
03/10/2024,AUD,1.55
03/10/2024,EUR,0.92
03/10/2024,GBP,0.79
03/11/2024,USD,1.0
03/11/2024,CAD,1.32
03/11/2024,AUD,1.55
03/11/2024,EUR,0.92
03/11/2024,GBP,0.79
03/12/2024,USD,1.0
03/12/2024,CAD,1.32
03/12/2024,AUD,1.55
03/12/2024,EUR,0.92
03/12/2024,GBP,0.79
03/13/2024,USD,1.0
03/13/2024,CAD,1.32
03/13/2024,AUD,1.55
03/13/2024,EUR,0.92
03/13/2024,GBP,0.79
03/14/2024,USD,1.0
03/14/2024,CAD,1.32
03/14/2024,AUD,1.55
03/14/2024,EUR,0.92
03/14/2024,GBP,0.79
03/15/2024,USD,1.0
03/15/2024,CAD,1.32
03/15/2024,AUD,1.55
03/15/2024,EUR,0.92
03/15/2024,GBP,0.79
03/16/2024,USD,1.0
03/16/2024,CAD,1.32
03/16/2024,AUD,1.55
03/16/2024,EUR,0.92
03/16/2024,GBP,0.79
03/17/2024,USD,1.0
03/17/2024,CAD,1.32
03/17/2024,AUD,1.55
03/17/2024,EUR,0.92
03/17/2024,GBP,0.79
03/18/2024,USD,1.0
03/18/2024,CAD,1.32
03/18/2024,AUD,1.55
03/18/2024,EUR,0.92
03/18/2024,GBP,0.79
03/19/2024,USD,1.0
03/19/2024,CAD,1.32
03/19/2024,AUD,1.55
03/19/2024,EUR,0.92
03/19/2024,GBP,0.79
03/20/2024,USD,1.0
03/20/2024,CAD,1.32
03/20/2024,AUD,1.55
03/20/2024,EUR,0.92
03/20/2024,GBP,0.79
03/21/2024,USD,1.0
03/21/2024,CAD,1.32
03/21/2024,AUD,1.55
03/21/2024,EUR,0.92
03/21/2024,GBP,0.79
03/22/2024,USD,1.0
03/22/2024,CAD,1.32
03/22/2024,AUD,1.55
03/22/2024,EUR,0.92
03/22/2024,GBP,0.79
03/23/2024,USD,1.0
03/23/2024,CAD,1.32
03/23/2024,AUD,1.55
03/23/2024,EUR,0.92
03/23/2024,GBP,0.79
03/24/2024,USD,1.0
03/24/2024,CAD,1.32
03/24/2024,AUD,1.55
03/24/2024,EUR,0.92
03/24/2024,GBP,0.79
03/25/2024,USD,1.0
03/25/2024,CAD,1.32
03/25/2024,AUD,1.55
03/25/2024,EUR,0.92
03/25/2024,GBP,0.79
03/26/2024,USD,1.0
03/26/2024,CAD,1.32
03/26/2024,AUD,1.55
03/26/2024,EUR,0.92
03/26/2024,GBP,0.79
03/27/2024,USD,1.0
03/27/2024,CAD,1.32
03/27/2024,AUD,1.55
03/27/2024,EUR,0.92
03/27/2024,GBP,0.79
03/28/2024,USD,1.0
03/28/2024,CAD,1.32
03/28/2024,AUD,1.55
03/28/2024,EUR,0.92
03/28/2024,GBP,0.79
03/29/2024,USD,1.0
03/29/2024,CAD,1.32
03/29/2024,AUD,1.55
03/29/2024,EUR,0.92
03/29/2024,GBP,0.79
03/30/2024,USD,1.0
03/30/2024,CAD,1.32
03/30/2024,AUD,1.55
03/30/2024,EUR,0.92
03/30/2024,GBP,0.79
03/31/2024,USD,1.0
03/31/2024,CAD,1.32
03/31/2024,AUD,1.55
03/31/2024,EUR,0.92
03/31/2024,GBP,0.79
04/01/2024,USD,1.0
04/01/2024,CAD,1.32
04/01/2024,AUD,1.55
04/01/2024,EUR,0.92
04/01/2024,GBP,0.79
04/02/2024,USD,1.0
04/02/2024,CAD,1.32
04/02/2024,AUD,1.55
04/02/2024,EUR,0.92
04/02/2024,GBP,0.79
04/03/2024,USD,1.0
04/03/2024,CAD,1.32
04/03/2024,AUD,1.55
04/03/2024,EUR,0.92
04/03/2024,GBP,0.79
04/04/2024,USD,1.0
04/04/2024,CAD,1.32
04/04/2024,AUD,1.55
04/04/2024,EUR,0.92
04/04/2024,GBP,0.79
04/05/2024,USD,1.0
04/05/2024,CAD,1.32
04/05/2024,AUD,1.55
04/05/2024,EUR,0.92
04/05/2024,GBP,0.79
04/06/2024,USD,1.0
04/06/2024,CAD,1.32
04/06/2024,AUD,1.55
04/06/2024,EUR,0.92
04/06/2024,GBP,0.79
04/07/2024,USD,1.0
04/07/2024,CAD,1.32
04/07/2024,AUD,1.55
04/07/2024,EUR,0.92
04/07/2024,GBP,0.79
04/08/2024,USD,1.0
04/08/2024,CAD,1.32
04/08/2024,AUD,1.55
04/08/2024,EUR,0.92
04/08/2024,GBP,0.79
04/09/2024,USD,1.0
04/09/2024,CAD,1.32
04/09/2024,AUD,1.55
04/09/2024,EUR,0.92
04/09/2024,GBP,0.79
04/10/2024,USD,1.0
04/10/2024,CAD,1.32
04/10/2024,AUD,1.55
04/10/2024,EUR,0.92
04/10/2024,GBP,0.79
04/11/2024,USD,1.0
04/11/2024,CAD,1.32
04/11/2024,AUD,1.55
04/11/2024,EUR,0.92
04/11/2024,GBP,0.79
04/12/2024,USD,1.0
04/12/2024,CAD,1.32
04/12/2024,AUD,1.55
04/12/2024,EUR,0.92
04/12/2024,GBP,0.79
04/13/2024,USD,1.0
04/13/2024,CAD,1.32
04/13/2024,AUD,1.55
04/13/2024,EUR,0.92
04/13/2024,GBP,0.79
04/14/2024,USD,1.0
04/14/2024,CAD,1.32
04/14/2024,AUD,1.55
04/14/2024,EUR,0.92
04/14/2024,GBP,0.79
04/15/2024,USD,1.0
04/15/2024,CAD,1.32
04/15/2024,AUD,1.55
04/15/2024,EUR,0.92
04/15/2024,GBP,0.79
04/16/2024,USD,1.0
04/16/2024,CAD,1.32
04/16/2024,AUD,1.55
04/16/2024,EUR,0.92
04/16/2024,GBP,0.79
04/17/2024,USD,1.0
04/17/2024,CAD,1.32
04/17/2024,AUD,1.55
04/17/2024,EUR,0.92
04/17/2024,GBP,0.79
04/18/2024,USD,1.0
04/18/2024,CAD,1.32
04/18/2024,AUD,1.55
04/18/2024,EUR,0.92
04/18/2024,GBP,0.79
04/19/2024,USD,1.0
04/19/2024,CAD,1.32
04/19/2024,AUD,1.55
04/19/2024,EUR,0.92
04/19/2024,GBP,0.79
04/20/2024,USD,1.0
04/20/2024,CAD,1.32
04/20/2024,AUD,1.55
04/20/2024,EUR,0.92
04/20/2024,GBP,0.79
04/21/2024,USD,1.0
04/21/2024,CAD,1.32
04/21/2024,AUD,1.55
04/21/2024,EUR,0.92
04/21/2024,GBP,0.79
04/22/2024,USD,1.0
04/22/2024,CAD,1.32
04/22/2024,AUD,1.55
04/22/2024,EUR,0.92
04/22/2024,GBP,0.79
04/23/2024,USD,1.0
04/23/2024,CAD,1.32
04/23/2024,AUD,1.55
04/23/2024,EUR,0.92
04/23/2024,GBP,0.79
04/24/2024,USD,1.0
04/24/2024,CAD,1.32
04/24/2024,AUD,1.55
04/24/2024,EUR,0.92
04/24/2024,GBP,0.79
04/25/2024,USD,1.0
04/25/2024,CAD,1.32
04/25/2024,AUD,1.55
04/25/2024,EUR,0.92
04/25/2024,GBP,0.79
04/26/2024,USD,1.0
04/26/2024,CAD,1.32
04/26/2024,AUD,1.55
04/26/2024,EUR,0.92
04/26/2024,GBP,0.79
04/27/2024,USD,1.0
04/27/2024,CAD,1.32
04/27/2024,AUD,1.55
04/27/2024,EUR,0.92
04/27/2024,GBP,0.79
04/28/2024,USD,1.0
04/28/2024,CAD,1.32
04/28/2024,AUD,1.55
04/28/2024,EUR,0.92
04/28/2024,GBP,0.79
04/29/2024,USD,1.0
04/29/2024,CAD,1.32
04/29/2024,AUD,1.55
04/29/2024,EUR,0.92
04/29/2024,GBP,0.79
04/30/2024,USD,1.0
04/30/2024,CAD,1.32
04/30/2024,AUD,1.55
04/30/2024,EUR,0.92
04/30/2024,GBP,0.79
05/01/2024,USD,1.0
05/01/2024,CAD,1.32
05/01/2024,AUD,1.55
05/01/2024,EUR,0.92
05/01/2024,GBP,0.79
05/02/2024,USD,1.0
05/02/2024,CAD,1.32
05/02/2024,AUD,1.55
05/02/2024,EUR,0.92
05/02/2024,GBP,0.79
05/03/2024,USD,1.0
05/03/2024,CAD,1.32
05/03/2024,AUD,1.55
05/03/2024,EUR,0.92
05/03/2024,GBP,0.79
05/04/2024,USD,1.0
05/04/2024,CAD,1.32
05/04/2024,AUD,1.55
05/04/2024,EUR,0.92
05/04/2024,GBP,0.79
05/05/2024,USD,1.0
05/05/2024,CAD,1.32
05/05/2024,AUD,1.55
05/05/2024,EUR,0.92
05/05/2024,GBP,0.79
05/06/2024,USD,1.0
05/06/2024,CAD,1.32
05/06/2024,AUD,1.55
05/06/2024,EUR,0.92
05/06/2024,GBP,0.79
05/07/2024,USD,1.0
05/07/2024,CAD,1.32
05/07/2024,AUD,1.55
05/07/2024,EUR,0.92
05/07/2024,GBP,0.79
05/08/2024,USD,1.0
05/08/2024,CAD,1.32
05/08/2024,AUD,1.55
05/08/2024,EUR,0.92
05/08/2024,GBP,0.79
05/09/2024,USD,1.0
05/09/2024,CAD,1.32
05/09/2024,AUD,1.55
05/09/2024,EUR,0.92
05/09/2024,GBP,0.79
05/10/2024,USD,1.0
05/10/2024,CAD,1.32
05/10/2024,AUD,1.55
05/10/2024,EUR,0.92
05/10/2024,GBP,0.79
05/11/2024,USD,1.0
05/11/2024,CAD,1.32
05/11/2024,AUD,1.55
05/11/2024,EUR,0.92
05/11/2024,GBP,0.79
05/12/2024,USD,1.0
05/12/2024,CAD,1.32
05/12/2024,AUD,1.55
05/12/2024,EUR,0.92
05/12/2024,GBP,0.79
05/13/2024,USD,1.0
05/13/2024,CAD,1.32
05/13/2024,AUD,1.55
05/13/2024,EUR,0.92
05/13/2024,GBP,0.79
05/14/2024,USD,1.0
05/14/2024,CAD,1.32
05/14/2024,AUD,1.55
05/14/2024,EUR,0.92
05/14/2024,GBP,0.79
05/15/2024,USD,1.0
05/15/2024,CAD,1.32
05/15/2024,AUD,1.55
05/15/2024,EUR,0.92
05/15/2024,GBP,0.79
05/16/2024,USD,1.0
05/16/2024,CAD,1.32
05/16/2024,AUD,1.55
05/16/2024,EUR,0.92
05/16/2024,GBP,0.79
05/17/2024,USD,1.0
05/17/2024,CAD,1.32
05/17/2024,AUD,1.55
05/17/2024,EUR,0.92
05/17/2024,GBP,0.79
05/18/2024,USD,1.0
05/18/2024,CAD,1.32
05/18/2024,AUD,1.55
05/18/2024,EUR,0.92
05/18/2024,GBP,0.79
05/19/2024,USD,1.0
05/19/2024,CAD,1.32
05/19/2024,AUD,1.55
05/19/2024,EUR,0.92
05/19/2024,GBP,0.79
05/20/2024,USD,1.0
05/20/2024,CAD,1.32
05/20/2024,AUD,1.55
05/20/2024,EUR,0.92
05/20/2024,GBP,0.79
05/21/2024,USD,1.0
05/21/2024,CAD,1.32
05/21/2024,AUD,1.55
05/21/2024,EUR,0.92
05/21/2024,GBP,0.79
05/22/2024,USD,1.0
05/22/2024,CAD,1.32
05/22/2024,AUD,1.55
05/22/2024,EUR,0.92
05/22/2024,GBP,0.79
05/23/2024,USD,1.0
05/23/2024,CAD,1.32
05/23/2024,AUD,1.55
05/23/2024,EUR,0.92
05/23/2024,GBP,0.79
05/24/2024,USD,1.0
05/24/2024,CAD,1.32
05/24/2024,AUD,1.55
05/24/2024,EUR,0.92
05/24/2024,GBP,0.79
05/25/2024,USD,1.0
05/25/2024,CAD,1.32
05/25/2024,AUD,1.55
05/25/2024,EUR,0.92
05/25/2024,GBP,0.79
05/26/2024,USD,1.0
05/26/2024,CAD,1.32
05/26/2024,AUD,1.55
05/26/2024,EUR,0.92
05/26/2024,GBP,0.79
05/27/2024,USD,1.0
05/27/2024,CAD,1.32
05/27/2024,AUD,1.55
05/27/2024,EUR,0.92
05/27/2024,GBP,0.79
05/28/2024,USD,1.0
05/28/2024,CAD,1.32
05/28/2024,AUD,1.55
05/28/2024,EUR,0.92
05/28/2024,GBP,0.79
05/29/2024,USD,1.0
05/29/2024,CAD,1.32
05/29/2024,AUD,1.55
05/29/2024,EUR,0.92
05/29/2024,GBP,0.79
05/30/2024,USD,1.0
05/30/2024,CAD,1.32
05/30/2024,AUD,1.55
05/30/2024,EUR,0.92
05/30/2024,GBP,0.79
05/31/2024,USD,1.0
05/31/2024,CAD,1.32
05/31/2024,AUD,1.55
05/31/2024,EUR,0.92
05/31/2024,GBP,0.79
06/01/2024,USD,1.0
06/01/2024,CAD,1.32
06/01/2024,AUD,1.55
06/01/2024,EUR,0.92
06/01/2024,GBP,0.79
06/02/2024,USD,1.0
06/02/2024,CAD,1.32
06/02/2024,AUD,1.55
06/02/2024,EUR,0.92
06/02/2024,GBP,0.79
06/03/2024,USD,1.0
06/03/2024,CAD,1.32
06/03/2024,AUD,1.55
06/03/2024,EUR,0.92
06/03/2024,GBP,0.79
06/04/2024,USD,1.0
06/04/2024,CAD,1.32
06/04/2024,AUD,1.55
06/04/2024,EUR,0.92
06/04/2024,GBP,0.79
06/05/2024,USD,1.0
06/05/2024,CAD,1.32
06/05/2024,AUD,1.55
06/05/2024,EUR,0.92
06/05/2024,GBP,0.79
06/06/2024,USD,1.0
06/06/2024,CAD,1.32
06/06/2024,AUD,1.55
06/06/2024,EUR,0.92
06/06/2024,GBP,0.79
06/07/2024,USD,1.0
06/07/2024,CAD,1.32
06/07/2024,AUD,1.55
06/07/2024,EUR,0.92
06/07/2024,GBP,0.79
06/08/2024,USD,1.0
06/08/2024,CAD,1.32
06/08/2024,AUD,1.55
06/08/2024,EUR,0.92
06/08/2024,GBP,0.79
06/09/2024,USD,1.0
06/09/2024,CAD,1.32
06/09/2024,AUD,1.55
06/09/2024,EUR,0.92
06/09/2024,GBP,0.79
06/10/2024,USD,1.0
06/10/2024,CAD,1.32
06/10/2024,AUD,1.55
06/10/2024,EUR,0.92
06/10/2024,GBP,0.79
06/11/2024,USD,1.0
06/11/2024,CAD,1.32
06/11/2024,AUD,1.55
06/11/2024,EUR,0.92
06/11/2024,GBP,0.79
06/12/2024,USD,1.0
06/12/2024,CAD,1.32
06/12/2024,AUD,1.55
06/12/2024,EUR,0.92
06/12/2024,GBP,0.79
06/13/2024,USD,1.0
06/13/2024,CAD,1.32
06/13/2024,AUD,1.55
06/13/2024,EUR,0.92
06/13/2024,GBP,0.79
06/14/2024,USD,1.0
06/14/2024,CAD,1.32
06/14/2024,AUD,1.55
06/14/2024,EUR,0.92
06/14/2024,GBP,0.79
06/15/2024,USD,1.0
06/15/2024,CAD,1.32
06/15/2024,AUD,1.55
06/15/2024,EUR,0.92
06/15/2024,GBP,0.79
06/16/2024,USD,1.0
06/16/2024,CAD,1.32
06/16/2024,AUD,1.55
06/16/2024,EUR,0.92
06/16/2024,GBP,0.79
06/17/2024,USD,1.0
06/17/2024,CAD,1.32
06/17/2024,AUD,1.55
06/17/2024,EUR,0.92
06/17/2024,GBP,0.79
06/18/2024,USD,1.0
06/18/2024,CAD,1.32
06/18/2024,AUD,1.55
06/18/2024,EUR,0.92
06/18/2024,GBP,0.79
06/19/2024,USD,1.0
06/19/2024,CAD,1.32
06/19/2024,AUD,1.55
06/19/2024,EUR,0.92
06/19/2024,GBP,0.79
06/20/2024,USD,1.0
06/20/2024,CAD,1.32
06/20/2024,AUD,1.55
06/20/2024,EUR,0.92
06/20/2024,GBP,0.79
06/21/2024,USD,1.0
06/21/2024,CAD,1.32
06/21/2024,AUD,1.55
06/21/2024,EUR,0.92
06/21/2024,GBP,0.79
06/22/2024,USD,1.0
06/22/2024,CAD,1.32
06/22/2024,AUD,1.55
06/22/2024,EUR,0.92
06/22/2024,GBP,0.79
06/23/2024,USD,1.0
06/23/2024,CAD,1.32
06/23/2024,AUD,1.55
06/23/2024,EUR,0.92
06/23/2024,GBP,0.79
06/24/2024,USD,1.0
06/24/2024,CAD,1.32
06/24/2024,AUD,1.55
06/24/2024,EUR,0.92
06/24/2024,GBP,0.79
06/25/2024,USD,1.0
06/25/2024,CAD,1.32
06/25/2024,AUD,1.55
06/25/2024,EUR,0.92
06/25/2024,GBP,0.79
06/26/2024,USD,1.0
06/26/2024,CAD,1.32
06/26/2024,AUD,1.55
06/26/2024,EUR,0.92
06/26/2024,GBP,0.79
06/27/2024,USD,1.0
06/27/2024,CAD,1.32
06/27/2024,AUD,1.55
06/27/2024,EUR,0.92
06/27/2024,GBP,0.79
06/28/2024,USD,1.0
06/28/2024,CAD,1.32
06/28/2024,AUD,1.55
06/28/2024,EUR,0.92
06/28/2024,GBP,0.79
06/29/2024,USD,1.0
06/29/2024,CAD,1.32
06/29/2024,AUD,1.55
06/29/2024,EUR,0.92
06/29/2024,GBP,0.79
06/30/2024,USD,1.0
06/30/2024,CAD,1.32
06/30/2024,AUD,1.55
06/30/2024,EUR,0.92
06/30/2024,GBP,0.79
07/01/2024,USD,1.0
07/01/2024,CAD,1.32
07/01/2024,AUD,1.55
07/01/2024,EUR,0.92
07/01/2024,GBP,0.79
07/02/2024,USD,1.0
07/02/2024,CAD,1.32
07/02/2024,AUD,1.55
07/02/2024,EUR,0.92
07/02/2024,GBP,0.79
07/03/2024,USD,1.0
07/03/2024,CAD,1.32
07/03/2024,AUD,1.55
07/03/2024,EUR,0.92
07/03/2024,GBP,0.79
07/04/2024,USD,1.0
07/04/2024,CAD,1.32
07/04/2024,AUD,1.55
07/04/2024,EUR,0.92
07/04/2024,GBP,0.79
07/05/2024,USD,1.0
07/05/2024,CAD,1.32
07/05/2024,AUD,1.55
07/05/2024,EUR,0.92
07/05/2024,GBP,0.79
07/06/2024,USD,1.0
07/06/2024,CAD,1.32
07/06/2024,AUD,1.55
07/06/2024,EUR,0.92
07/06/2024,GBP,0.79
07/07/2024,USD,1.0
07/07/2024,CAD,1.32
07/07/2024,AUD,1.55
07/07/2024,EUR,0.92
07/07/2024,GBP,0.79
07/08/2024,USD,1.0
07/08/2024,CAD,1.32
07/08/2024,AUD,1.55
07/08/2024,EUR,0.92
07/08/2024,GBP,0.79
07/09/2024,USD,1.0
07/09/2024,CAD,1.32
07/09/2024,AUD,1.55
07/09/2024,EUR,0.92
07/09/2024,GBP,0.79
07/10/2024,USD,1.0
07/10/2024,CAD,1.32
07/10/2024,AUD,1.55
07/10/2024,EUR,0.92
07/10/2024,GBP,0.79
07/11/2024,USD,1.0
07/11/2024,CAD,1.32
07/11/2024,AUD,1.55
07/11/2024,EUR,0.92
07/11/2024,GBP,0.79
07/12/2024,USD,1.0
07/12/2024,CAD,1.32
07/12/2024,AUD,1.55
07/12/2024,EUR,0.92
07/12/2024,GBP,0.79
07/13/2024,USD,1.0
07/13/2024,CAD,1.32
07/13/2024,AUD,1.55
07/13/2024,EUR,0.92
07/13/2024,GBP,0.79
07/14/2024,USD,1.0
07/14/2024,CAD,1.32
07/14/2024,AUD,1.55
07/14/2024,EUR,0.92
07/14/2024,GBP,0.79
07/15/2024,USD,1.0
07/15/2024,CAD,1.32
07/15/2024,AUD,1.55
07/15/2024,EUR,0.92
07/15/2024,GBP,0.79
07/16/2024,USD,1.0
07/16/2024,CAD,1.32
07/16/2024,AUD,1.55
07/16/2024,EUR,0.92
07/16/2024,GBP,0.79
07/17/2024,USD,1.0
07/17/2024,CAD,1.32
07/17/2024,AUD,1.55
07/17/2024,EUR,0.92
07/17/2024,GBP,0.79
07/18/2024,USD,1.0
07/18/2024,CAD,1.32
07/18/2024,AUD,1.55
07/18/2024,EUR,0.92
07/18/2024,GBP,0.79
07/19/2024,USD,1.0
07/19/2024,CAD,1.32
07/19/2024,AUD,1.55
07/19/2024,EUR,0.92
07/19/2024,GBP,0.79
07/20/2024,USD,1.0
07/20/2024,CAD,1.32
07/20/2024,AUD,1.55
07/20/2024,EUR,0.92
07/20/2024,GBP,0.79
07/21/2024,USD,1.0
07/21/2024,CAD,1.32
07/21/2024,AUD,1.55
07/21/2024,EUR,0.92
07/21/2024,GBP,0.79
07/22/2024,USD,1.0
07/22/2024,CAD,1.32
07/22/2024,AUD,1.55
07/22/2024,EUR,0.92
07/22/2024,GBP,0.79
07/23/2024,USD,1.0
07/23/2024,CAD,1.32
07/23/2024,AUD,1.55
07/23/2024,EUR,0.92
07/23/2024,GBP,0.79
07/24/2024,USD,1.0
07/24/2024,CAD,1.32
07/24/2024,AUD,1.55
07/24/2024,EUR,0.92
07/24/2024,GBP,0.79
07/25/2024,USD,1.0
07/25/2024,CAD,1.32
07/25/2024,AUD,1.55
07/25/2024,EUR,0.92
07/25/2024,GBP,0.79
07/26/2024,USD,1.0
07/26/2024,CAD,1.32
07/26/2024,AUD,1.55
07/26/2024,EUR,0.92
07/26/2024,GBP,0.79
07/27/2024,USD,1.0
07/27/2024,CAD,1.32
07/27/2024,AUD,1.55
07/27/2024,EUR,0.92
07/27/2024,GBP,0.79
07/28/2024,USD,1.0
07/28/2024,CAD,1.32
07/28/2024,AUD,1.55
07/28/2024,EUR,0.92
07/28/2024,GBP,0.79
07/29/2024,USD,1.0
07/29/2024,CAD,1.32
07/29/2024,AUD,1.55
07/29/2024,EUR,0.92
07/29/2024,GBP,0.79
07/30/2024,USD,1.0
07/30/2024,CAD,1.32
07/30/2024,AUD,1.55
07/30/2024,EUR,0.92
07/30/2024,GBP,0.79
07/31/2024,USD,1.0
07/31/2024,CAD,1.32
07/31/2024,AUD,1.55
07/31/2024,EUR,0.92
07/31/2024,GBP,0.79
08/01/2024,USD,1.0
08/01/2024,CAD,1.32
08/01/2024,AUD,1.55
08/01/2024,EUR,0.92
08/01/2024,GBP,0.79
08/02/2024,USD,1.0
08/02/2024,CAD,1.32
08/02/2024,AUD,1.55
08/02/2024,EUR,0.92
08/02/2024,GBP,0.79
08/03/2024,USD,1.0
08/03/2024,CAD,1.32
08/03/2024,AUD,1.55
08/03/2024,EUR,0.92
08/03/2024,GBP,0.79
08/04/2024,USD,1.0
08/04/2024,CAD,1.32
08/04/2024,AUD,1.55
08/04/2024,EUR,0.92
08/04/2024,GBP,0.79
08/05/2024,USD,1.0
08/05/2024,CAD,1.32
08/05/2024,AUD,1.55
08/05/2024,EUR,0.92
08/05/2024,GBP,0.79
08/06/2024,USD,1.0
08/06/2024,CAD,1.32
08/06/2024,AUD,1.55
08/06/2024,EUR,0.92
08/06/2024,GBP,0.79
08/07/2024,USD,1.0
08/07/2024,CAD,1.32
08/07/2024,AUD,1.55
08/07/2024,EUR,0.92
08/07/2024,GBP,0.79
08/08/2024,USD,1.0
08/08/2024,CAD,1.32
08/08/2024,AUD,1.55
08/08/2024,EUR,0.92
08/08/2024,GBP,0.79
08/09/2024,USD,1.0
08/09/2024,CAD,1.32
08/09/2024,AUD,1.55
08/09/2024,EUR,0.92
08/09/2024,GBP,0.79
08/10/2024,USD,1.0
08/10/2024,CAD,1.32
08/10/2024,AUD,1.55
08/10/2024,EUR,0.92
08/10/2024,GBP,0.79
08/11/2024,USD,1.0
08/11/2024,CAD,1.32
08/11/2024,AUD,1.55
08/11/2024,EUR,0.92
08/11/2024,GBP,0.79
08/12/2024,USD,1.0
08/12/2024,CAD,1.32
08/12/2024,AUD,1.55
08/12/2024,EUR,0.92
08/12/2024,GBP,0.79
08/13/2024,USD,1.0
08/13/2024,CAD,1.32
08/13/2024,AUD,1.55
08/13/2024,EUR,0.92
08/13/2024,GBP,0.79
08/14/2024,USD,1.0
08/14/2024,CAD,1.32
08/14/2024,AUD,1.55
08/14/2024,EUR,0.92
08/14/2024,GBP,0.79
08/15/2024,USD,1.0
08/15/2024,CAD,1.32
08/15/2024,AUD,1.55
08/15/2024,EUR,0.92
08/15/2024,GBP,0.79
08/16/2024,USD,1.0
08/16/2024,CAD,1.32
08/16/2024,AUD,1.55
08/16/2024,EUR,0.92
08/16/2024,GBP,0.79
08/17/2024,USD,1.0
08/17/2024,CAD,1.32
08/17/2024,AUD,1.55
08/17/2024,EUR,0.92
08/17/2024,GBP,0.79
08/18/2024,USD,1.0
08/18/2024,CAD,1.32
08/18/2024,AUD,1.55
08/18/2024,EUR,0.92
08/18/2024,GBP,0.79
08/19/2024,USD,1.0
08/19/2024,CAD,1.32
08/19/2024,AUD,1.55
08/19/2024,EUR,0.92
08/19/2024,GBP,0.79
08/20/2024,USD,1.0
08/20/2024,CAD,1.32
08/20/2024,AUD,1.55
08/20/2024,EUR,0.92
08/20/2024,GBP,0.79
08/21/2024,USD,1.0
08/21/2024,CAD,1.32
08/21/2024,AUD,1.55
08/21/2024,EUR,0.92
08/21/2024,GBP,0.79
08/22/2024,USD,1.0
08/22/2024,CAD,1.32
08/22/2024,AUD,1.55
08/22/2024,EUR,0.92
08/22/2024,GBP,0.79
08/23/2024,USD,1.0
08/23/2024,CAD,1.32
08/23/2024,AUD,1.55
08/23/2024,EUR,0.92
08/23/2024,GBP,0.79
08/24/2024,USD,1.0
08/24/2024,CAD,1.32
08/24/2024,AUD,1.55
08/24/2024,EUR,0.92
08/24/2024,GBP,0.79
08/25/2024,USD,1.0
08/25/2024,CAD,1.32
08/25/2024,AUD,1.55
08/25/2024,EUR,0.92
08/25/2024,GBP,0.79
08/26/2024,USD,1.0
08/26/2024,CAD,1.32
08/26/2024,AUD,1.55
08/26/2024,EUR,0.92
08/26/2024,GBP,0.79
08/27/2024,USD,1.0
08/27/2024,CAD,1.32
08/27/2024,AUD,1.55
08/27/2024,EUR,0.92
08/27/2024,GBP,0.79
08/28/2024,USD,1.0
08/28/2024,CAD,1.32
08/28/2024,AUD,1.55
08/28/2024,EUR,0.92
08/28/2024,GBP,0.79
08/29/2024,USD,1.0
08/29/2024,CAD,1.32
08/29/2024,AUD,1.55
08/29/2024,EUR,0.92
08/29/2024,GBP,0.79
08/30/2024,USD,1.0
08/30/2024,CAD,1.32
08/30/2024,AUD,1.55
08/30/2024,EUR,0.92
08/30/2024,GBP,0.79
08/31/2024,USD,1.0
08/31/2024,CAD,1.32
08/31/2024,AUD,1.55
08/31/2024,EUR,0.92
08/31/2024,GBP,0.79
09/01/2024,USD,1.0
09/01/2024,CAD,1.32
09/01/2024,AUD,1.55
09/01/2024,EUR,0.92
09/01/2024,GBP,0.79
09/02/2024,USD,1.0
09/02/2024,CAD,1.32
09/02/2024,AUD,1.55
09/02/2024,EUR,0.92
09/02/2024,GBP,0.79
09/03/2024,USD,1.0
09/03/2024,CAD,1.32
09/03/2024,AUD,1.55
09/03/2024,EUR,0.92
09/03/2024,GBP,0.79
09/04/2024,USD,1.0
09/04/2024,CAD,1.32
09/04/2024,AUD,1.55
09/04/2024,EUR,0.92
09/04/2024,GBP,0.79
09/05/2024,USD,1.0
09/05/2024,CAD,1.32
09/05/2024,AUD,1.55
09/05/2024,EUR,0.92
09/05/2024,GBP,0.79
09/06/2024,USD,1.0
09/06/2024,CAD,1.32
09/06/2024,AUD,1.55
09/06/2024,EUR,0.92
09/06/2024,GBP,0.79
09/07/2024,USD,1.0
09/07/2024,CAD,1.32
09/07/2024,AUD,1.55
09/07/2024,EUR,0.92
09/07/2024,GBP,0.79
09/08/2024,USD,1.0
09/08/2024,CAD,1.32
09/08/2024,AUD,1.55
09/08/2024,EUR,0.92
09/08/2024,GBP,0.79
09/09/2024,USD,1.0
09/09/2024,CAD,1.32
09/09/2024,AUD,1.55
09/09/2024,EUR,0.92
09/09/2024,GBP,0.79
09/10/2024,USD,1.0
09/10/2024,CAD,1.32
09/10/2024,AUD,1.55
09/10/2024,EUR,0.92
09/10/2024,GBP,0.79
09/11/2024,USD,1.0
09/11/2024,CAD,1.32
09/11/2024,AUD,1.55
09/11/2024,EUR,0.92
09/11/2024,GBP,0.79
09/12/2024,USD,1.0
09/12/2024,CAD,1.32
09/12/2024,AUD,1.55
09/12/2024,EUR,0.92
09/12/2024,GBP,0.79
09/13/2024,USD,1.0
09/13/2024,CAD,1.32
09/13/2024,AUD,1.55
09/13/2024,EUR,0.92
09/13/2024,GBP,0.79
09/14/2024,USD,1.0
09/14/2024,CAD,1.32
09/14/2024,AUD,1.55
09/14/2024,EUR,0.92
09/14/2024,GBP,0.79
09/15/2024,USD,1.0
09/15/2024,CAD,1.32
09/15/2024,AUD,1.55
09/15/2024,EUR,0.92
09/15/2024,GBP,0.79
09/16/2024,USD,1.0
09/16/2024,CAD,1.32
09/16/2024,AUD,1.55
09/16/2024,EUR,0.92
09/16/2024,GBP,0.79
09/17/2024,USD,1.0
09/17/2024,CAD,1.32
09/17/2024,AUD,1.55
09/17/2024,EUR,0.92
09/17/2024,GBP,0.79
09/18/2024,USD,1.0
09/18/2024,CAD,1.32
09/18/2024,AUD,1.55
09/18/2024,EUR,0.92
09/18/2024,GBP,0.79
09/19/2024,USD,1.0
09/19/2024,CAD,1.32
09/19/2024,AUD,1.55
09/19/2024,EUR,0.92
09/19/2024,GBP,0.79
09/20/2024,USD,1.0
09/20/2024,CAD,1.32
09/20/2024,AUD,1.55
09/20/2024,EUR,0.92
09/20/2024,GBP,0.79
09/21/2024,USD,1.0
09/21/2024,CAD,1.32
09/21/2024,AUD,1.55
09/21/2024,EUR,0.92
09/21/2024,GBP,0.79
09/22/2024,USD,1.0
09/22/2024,CAD,1.32
09/22/2024,AUD,1.55
09/22/2024,EUR,0.92
09/22/2024,GBP,0.79
09/23/2024,USD,1.0
09/23/2024,CAD,1.32
09/23/2024,AUD,1.55
09/23/2024,EUR,0.92
09/23/2024,GBP,0.79
09/24/2024,USD,1.0
09/24/2024,CAD,1.32
09/24/2024,AUD,1.55
09/24/2024,EUR,0.92
09/24/2024,GBP,0.79
09/25/2024,USD,1.0
09/25/2024,CAD,1.32
09/25/2024,AUD,1.55
09/25/2024,EUR,0.92
09/25/2024,GBP,0.79
09/26/2024,USD,1.0
09/26/2024,CAD,1.32
09/26/2024,AUD,1.55
09/26/2024,EUR,0.92
09/26/2024,GBP,0.79
09/27/2024,USD,1.0
09/27/2024,CAD,1.32
09/27/2024,AUD,1.55
09/27/2024,EUR,0.92
09/27/2024,GBP,0.79
09/28/2024,USD,1.0
09/28/2024,CAD,1.32
09/28/2024,AUD,1.55
09/28/2024,EUR,0.92
09/28/2024,GBP,0.79
09/29/2024,USD,1.0
09/29/2024,CAD,1.32
09/29/2024,AUD,1.55
09/29/2024,EUR,0.92
09/29/2024,GBP,0.79
09/30/2024,USD,1.0
09/30/2024,CAD,1.32
09/30/2024,AUD,1.55
09/30/2024,EUR,0.92
09/30/2024,GBP,0.79
10/01/2024,USD,1.0
10/01/2024,CAD,1.32
10/01/2024,AUD,1.55
10/01/2024,EUR,0.92
10/01/2024,GBP,0.79
10/02/2024,USD,1.0
10/02/2024,CAD,1.32
10/02/2024,AUD,1.55
10/02/2024,EUR,0.92
10/02/2024,GBP,0.79
10/03/2024,USD,1.0
10/03/2024,CAD,1.32
10/03/2024,AUD,1.55
10/03/2024,EUR,0.92
10/03/2024,GBP,0.79
10/04/2024,USD,1.0
10/04/2024,CAD,1.32
10/04/2024,AUD,1.55
10/04/2024,EUR,0.92
10/04/2024,GBP,0.79
10/05/2024,USD,1.0
10/05/2024,CAD,1.32
10/05/2024,AUD,1.55
10/05/2024,EUR,0.92
10/05/2024,GBP,0.79
10/06/2024,USD,1.0
10/06/2024,CAD,1.32
10/06/2024,AUD,1.55
10/06/2024,EUR,0.92
10/06/2024,GBP,0.79
10/07/2024,USD,1.0
10/07/2024,CAD,1.32
10/07/2024,AUD,1.55
10/07/2024,EUR,0.92
10/07/2024,GBP,0.79
10/08/2024,USD,1.0
10/08/2024,CAD,1.32
10/08/2024,AUD,1.55
10/08/2024,EUR,0.92
10/08/2024,GBP,0.79
10/09/2024,USD,1.0
10/09/2024,CAD,1.32
10/09/2024,AUD,1.55
10/09/2024,EUR,0.92
10/09/2024,GBP,0.79
10/10/2024,USD,1.0
10/10/2024,CAD,1.32
10/10/2024,AUD,1.55
10/10/2024,EUR,0.92
10/10/2024,GBP,0.79
10/11/2024,USD,1.0
10/11/2024,CAD,1.32
10/11/2024,AUD,1.55
10/11/2024,EUR,0.92
10/11/2024,GBP,0.79
10/12/2024,USD,1.0
10/12/2024,CAD,1.32
10/12/2024,AUD,1.55
10/12/2024,EUR,0.92
10/12/2024,GBP,0.79
10/13/2024,USD,1.0
10/13/2024,CAD,1.32
10/13/2024,AUD,1.55
10/13/2024,EUR,0.92
10/13/2024,GBP,0.79
10/14/2024,USD,1.0
10/14/2024,CAD,1.32
10/14/2024,AUD,1.55
10/14/2024,EUR,0.92
10/14/2024,GBP,0.79
10/15/2024,USD,1.0
10/15/2024,CAD,1.32
10/15/2024,AUD,1.55
10/15/2024,EUR,0.92
10/15/2024,GBP,0.79
10/16/2024,USD,1.0
10/16/2024,CAD,1.32
10/16/2024,AUD,1.55
10/16/2024,EUR,0.92
10/16/2024,GBP,0.79
10/17/2024,USD,1.0
10/17/2024,CAD,1.32
10/17/2024,AUD,1.55
10/17/2024,EUR,0.92
10/17/2024,GBP,0.79
10/18/2024,USD,1.0
10/18/2024,CAD,1.32
10/18/2024,AUD,1.55
10/18/2024,EUR,0.92
10/18/2024,GBP,0.79
10/19/2024,USD,1.0
10/19/2024,CAD,1.32
10/19/2024,AUD,1.55
10/19/2024,EUR,0.92
10/19/2024,GBP,0.79
10/20/2024,USD,1.0
10/20/2024,CAD,1.32
10/20/2024,AUD,1.55
10/20/2024,EUR,0.92
10/20/2024,GBP,0.79
10/21/2024,USD,1.0
10/21/2024,CAD,1.32
10/21/2024,AUD,1.55
10/21/2024,EUR,0.92
10/21/2024,GBP,0.79
10/22/2024,USD,1.0
10/22/2024,CAD,1.32
10/22/2024,AUD,1.55
10/22/2024,EUR,0.92
10/22/2024,GBP,0.79
10/23/2024,USD,1.0
10/23/2024,CAD,1.32
10/23/2024,AUD,1.55
10/23/2024,EUR,0.92
10/23/2024,GBP,0.79
10/24/2024,USD,1.0
10/24/2024,CAD,1.32
10/24/2024,AUD,1.55
10/24/2024,EUR,0.92
10/24/2024,GBP,0.79
10/25/2024,USD,1.0
10/25/2024,CAD,1.32
10/25/2024,AUD,1.55
10/25/2024,EUR,0.92
10/25/2024,GBP,0.79
10/26/2024,USD,1.0
10/26/2024,CAD,1.32
10/26/2024,AUD,1.55
10/26/2024,EUR,0.92
10/26/2024,GBP,0.79
10/27/2024,USD,1.0
10/27/2024,CAD,1.32
10/27/2024,AUD,1.55
10/27/2024,EUR,0.92
10/27/2024,GBP,0.79
10/28/2024,USD,1.0
10/28/2024,CAD,1.32
10/28/2024,AUD,1.55
10/28/2024,EUR,0.92
10/28/2024,GBP,0.79
10/29/2024,USD,1.0
10/29/2024,CAD,1.32
10/29/2024,AUD,1.55
10/29/2024,EUR,0.92
10/29/2024,GBP,0.79
10/30/2024,USD,1.0
10/30/2024,CAD,1.32
10/30/2024,AUD,1.55
10/30/2024,EUR,0.92
10/30/2024,GBP,0.79
10/31/2024,USD,1.0
10/31/2024,CAD,1.32
10/31/2024,AUD,1.55
10/31/2024,EUR,0.92
10/31/2024,GBP,0.79
11/01/2024,USD,1.0
11/01/2024,CAD,1.32
11/01/2024,AUD,1.55
11/01/2024,EUR,0.92
11/01/2024,GBP,0.79
11/02/2024,USD,1.0
11/02/2024,CAD,1.32
11/02/2024,AUD,1.55
11/02/2024,EUR,0.92
11/02/2024,GBP,0.79
11/03/2024,USD,1.0
11/03/2024,CAD,1.32
11/03/2024,AUD,1.55
11/03/2024,EUR,0.92
11/03/2024,GBP,0.79
11/04/2024,USD,1.0
11/04/2024,CAD,1.32
11/04/2024,AUD,1.55
11/04/2024,EUR,0.92
11/04/2024,GBP,0.79
11/05/2024,USD,1.0
11/05/2024,CAD,1.32
11/05/2024,AUD,1.55
11/05/2024,EUR,0.92
11/05/2024,GBP,0.79
11/06/2024,USD,1.0
11/06/2024,CAD,1.32
11/06/2024,AUD,1.55
11/06/2024,EUR,0.92
11/06/2024,GBP,0.79
11/07/2024,USD,1.0
11/07/2024,CAD,1.32
11/07/2024,AUD,1.55
11/07/2024,EUR,0.92
11/07/2024,GBP,0.79
11/08/2024,USD,1.0
11/08/2024,CAD,1.32
11/08/2024,AUD,1.55
11/08/2024,EUR,0.92
11/08/2024,GBP,0.79
11/09/2024,USD,1.0
11/09/2024,CAD,1.32
11/09/2024,AUD,1.55
11/09/2024,EUR,0.92
11/09/2024,GBP,0.79
11/10/2024,USD,1.0
11/10/2024,CAD,1.32
11/10/2024,AUD,1.55
11/10/2024,EUR,0.92
11/10/2024,GBP,0.79
11/11/2024,USD,1.0
11/11/2024,CAD,1.32
11/11/2024,AUD,1.55
11/11/2024,EUR,0.92
11/11/2024,GBP,0.79
11/12/2024,USD,1.0
11/12/2024,CAD,1.32
11/12/2024,AUD,1.55
11/12/2024,EUR,0.92
11/12/2024,GBP,0.79
11/13/2024,USD,1.0
11/13/2024,CAD,1.32
11/13/2024,AUD,1.55
11/13/2024,EUR,0.92
11/13/2024,GBP,0.79
11/14/2024,USD,1.0
11/14/2024,CAD,1.32
11/14/2024,AUD,1.55
11/14/2024,EUR,0.92
11/14/2024,GBP,0.79
11/15/2024,USD,1.0
11/15/2024,CAD,1.32
11/15/2024,AUD,1.55
11/15/2024,EUR,0.92
11/15/2024,GBP,0.79
11/16/2024,USD,1.0
11/16/2024,CAD,1.32
11/16/2024,AUD,1.55
11/16/2024,EUR,0.92
11/16/2024,GBP,0.79
11/17/2024,USD,1.0
11/17/2024,CAD,1.32
11/17/2024,AUD,1.55
11/17/2024,EUR,0.92
11/17/2024,GBP,0.79
11/18/2024,USD,1.0
11/18/2024,CAD,1.32
11/18/2024,AUD,1.55
11/18/2024,EUR,0.92
11/18/2024,GBP,0.79
11/19/2024,USD,1.0
11/19/2024,CAD,1.32
11/19/2024,AUD,1.55
11/19/2024,EUR,0.92
11/19/2024,GBP,0.79
11/20/2024,USD,1.0
11/20/2024,CAD,1.32
11/20/2024,AUD,1.55
11/20/2024,EUR,0.92
11/20/2024,GBP,0.79
11/21/2024,USD,1.0
11/21/2024,CAD,1.32
11/21/2024,AUD,1.55
11/21/2024,EUR,0.92
11/21/2024,GBP,0.79
11/22/2024,USD,1.0
11/22/2024,CAD,1.32
11/22/2024,AUD,1.55
11/22/2024,EUR,0.92
11/22/2024,GBP,0.79
11/23/2024,USD,1.0
11/23/2024,CAD,1.32
11/23/2024,AUD,1.55
11/23/2024,EUR,0.92
11/23/2024,GBP,0.79
11/24/2024,USD,1.0
11/24/2024,CAD,1.32
11/24/2024,AUD,1.55
11/24/2024,EUR,0.92
11/24/2024,GBP,0.79
11/25/2024,USD,1.0
11/25/2024,CAD,1.32
11/25/2024,AUD,1.55
11/25/2024,EUR,0.92
11/25/2024,GBP,0.79
11/26/2024,USD,1.0
11/26/2024,CAD,1.32
11/26/2024,AUD,1.55
11/26/2024,EUR,0.92
11/26/2024,GBP,0.79
11/27/2024,USD,1.0
11/27/2024,CAD,1.32
11/27/2024,AUD,1.55
11/27/2024,EUR,0.92
11/27/2024,GBP,0.79
11/28/2024,USD,1.0
11/28/2024,CAD,1.32
11/28/2024,AUD,1.55
11/28/2024,EUR,0.92
11/28/2024,GBP,0.79
11/29/2024,USD,1.0
11/29/2024,CAD,1.32
11/29/2024,AUD,1.55
11/29/2024,EUR,0.92
11/29/2024,GBP,0.79
11/30/2024,USD,1.0
11/30/2024,CAD,1.32
11/30/2024,AUD,1.55
11/30/2024,EUR,0.92
11/30/2024,GBP,0.79
12/01/2024,USD,1.0
12/01/2024,CAD,1.32
12/01/2024,AUD,1.55
12/01/2024,EUR,0.92
12/01/2024,GBP,0.79
12/02/2024,USD,1.0
12/02/2024,CAD,1.32
12/02/2024,AUD,1.55
12/02/2024,EUR,0.92
12/02/2024,GBP,0.79
12/03/2024,USD,1.0
12/03/2024,CAD,1.32
12/03/2024,AUD,1.55
12/03/2024,EUR,0.92
12/03/2024,GBP,0.79
12/04/2024,USD,1.0
12/04/2024,CAD,1.32
12/04/2024,AUD,1.55
12/04/2024,EUR,0.92
12/04/2024,GBP,0.79
12/05/2024,USD,1.0
12/05/2024,CAD,1.32
12/05/2024,AUD,1.55
12/05/2024,EUR,0.92
12/05/2024,GBP,0.79
12/06/2024,USD,1.0
12/06/2024,CAD,1.32
12/06/2024,AUD,1.55
12/06/2024,EUR,0.92
12/06/2024,GBP,0.79
12/07/2024,USD,1.0
12/07/2024,CAD,1.32
12/07/2024,AUD,1.55
12/07/2024,EUR,0.92
12/07/2024,GBP,0.79
12/08/2024,USD,1.0
12/08/2024,CAD,1.32
12/08/2024,AUD,1.55
12/08/2024,EUR,0.92
12/08/2024,GBP,0.79
12/09/2024,USD,1.0
12/09/2024,CAD,1.32
12/09/2024,AUD,1.55
12/09/2024,EUR,0.92
12/09/2024,GBP,0.79
12/10/2024,USD,1.0
12/10/2024,CAD,1.32
12/10/2024,AUD,1.55
12/10/2024,EUR,0.92
12/10/2024,GBP,0.79
12/11/2024,USD,1.0
12/11/2024,CAD,1.32
12/11/2024,AUD,1.55
12/11/2024,EUR,0.92
12/11/2024,GBP,0.79
12/12/2024,USD,1.0
12/12/2024,CAD,1.32
12/12/2024,AUD,1.55
12/12/2024,EUR,0.92
12/12/2024,GBP,0.79
12/13/2024,USD,1.0
12/13/2024,CAD,1.32
12/13/2024,AUD,1.55
12/13/2024,EUR,0.92
12/13/2024,GBP,0.79
12/14/2024,USD,1.0
12/14/2024,CAD,1.32
12/14/2024,AUD,1.55
12/14/2024,EUR,0.92
12/14/2024,GBP,0.79
12/15/2024,USD,1.0
12/15/2024,CAD,1.32
12/15/2024,AUD,1.55
12/15/2024,EUR,0.92
12/15/2024,GBP,0.79
12/16/2024,USD,1.0
12/16/2024,CAD,1.32
12/16/2024,AUD,1.55
12/16/2024,EUR,0.92
12/16/2024,GBP,0.79
12/17/2024,USD,1.0
12/17/2024,CAD,1.32
12/17/2024,AUD,1.55
12/17/2024,EUR,0.92
12/17/2024,GBP,0.79
12/18/2024,USD,1.0
12/18/2024,CAD,1.32
12/18/2024,AUD,1.55
12/18/2024,EUR,0.92
12/18/2024,GBP,0.79
12/19/2024,USD,1.0
12/19/2024,CAD,1.32
12/19/2024,AUD,1.55
12/19/2024,EUR,0.92
12/19/2024,GBP,0.79
12/20/2024,USD,1.0
12/20/2024,CAD,1.32
12/20/2024,AUD,1.55
12/20/2024,EUR,0.92
12/20/2024,GBP,0.79
12/21/2024,USD,1.0
12/21/2024,CAD,1.32
12/21/2024,AUD,1.55
12/21/2024,EUR,0.92
12/21/2024,GBP,0.79
12/22/2024,USD,1.0
12/22/2024,CAD,1.32
12/22/2024,AUD,1.55
12/22/2024,EUR,0.92
12/22/2024,GBP,0.79
12/23/2024,USD,1.0
12/23/2024,CAD,1.32
12/23/2024,AUD,1.55
12/23/2024,EUR,0.92
12/23/2024,GBP,0.79
12/24/2024,USD,1.0
12/24/2024,CAD,1.32
12/24/2024,AUD,1.55
12/24/2024,EUR,0.92
12/24/2024,GBP,0.79
12/25/2024,USD,1.0
12/25/2024,CAD,1.32
12/25/2024,AUD,1.55
12/25/2024,EUR,0.92
12/25/2024,GBP,0.79
12/26/2024,USD,1.0
12/26/2024,CAD,1.32
12/26/2024,AUD,1.55
12/26/2024,EUR,0.92
12/26/2024,GBP,0.79
12/27/2024,USD,1.0
12/27/2024,CAD,1.32
12/27/2024,AUD,1.55
12/27/2024,EUR,0.92
12/27/2024,GBP,0.79
12/28/2024,USD,1.0
12/28/2024,CAD,1.32
12/28/2024,AUD,1.55
12/28/2024,EUR,0.92
12/28/2024,GBP,0.79
12/29/2024,USD,1.0
12/29/2024,CAD,1.32
12/29/2024,AUD,1.55
12/29/2024,EUR,0.92
12/29/2024,GBP,0.79
12/30/2024,USD,1.0
12/30/2024,CAD,1.32
12/30/2024,AUD,1.55
12/30/2024,EUR,0.92
12/30/2024,GBP,0.79
12/31/2024,USD,1.0
12/31/2024,CAD,1.32
12/31/2024,AUD,1.55
12/31/2024,EUR,0.92
12/31/2024,GBP,0.79
01/01/2025,USD,1.0
01/01/2025,CAD,1.32
01/01/2025,AUD,1.55
01/01/2025,EUR,0.92
01/01/2025,GBP,0.79
01/02/2025,USD,1.0
01/02/2025,CAD,1.32
01/02/2025,AUD,1.55
01/02/2025,EUR,0.92
01/02/2025,GBP,0.79
01/03/2025,USD,1.0
01/03/2025,CAD,1.32
01/03/2025,AUD,1.55
01/03/2025,EUR,0.92
01/03/2025,GBP,0.79
01/04/2025,USD,1.0
01/04/2025,CAD,1.32
01/04/2025,AUD,1.55
01/04/2025,EUR,0.92
01/04/2025,GBP,0.79
01/05/2025,USD,1.0
01/05/2025,CAD,1.32
01/05/2025,AUD,1.55
01/05/2025,EUR,0.92
01/05/2025,GBP,0.79
01/06/2025,USD,1.0
01/06/2025,CAD,1.32
01/06/2025,AUD,1.55
01/06/2025,EUR,0.92
01/06/2025,GBP,0.79
01/07/2025,USD,1.0
01/07/2025,CAD,1.32
01/07/2025,AUD,1.55
01/07/2025,EUR,0.92
01/07/2025,GBP,0.79
01/08/2025,USD,1.0
01/08/2025,CAD,1.32
01/08/2025,AUD,1.55
01/08/2025,EUR,0.92
01/08/2025,GBP,0.79
01/09/2025,USD,1.0
01/09/2025,CAD,1.32
01/09/2025,AUD,1.55
01/09/2025,EUR,0.92
01/09/2025,GBP,0.79
01/10/2025,USD,1.0
01/10/2025,CAD,1.32
01/10/2025,AUD,1.55
01/10/2025,EUR,0.92
01/10/2025,GBP,0.79
01/11/2025,USD,1.0
01/11/2025,CAD,1.32
01/11/2025,AUD,1.55
01/11/2025,EUR,0.92
01/11/2025,GBP,0.79
01/12/2025,USD,1.0
01/12/2025,CAD,1.32
01/12/2025,AUD,1.55
01/12/2025,EUR,0.92
01/12/2025,GBP,0.79
01/13/2025,USD,1.0
01/13/2025,CAD,1.32
01/13/2025,AUD,1.55
01/13/2025,EUR,0.92
01/13/2025,GBP,0.79
01/14/2025,USD,1.0
01/14/2025,CAD,1.32
01/14/2025,AUD,1.55
01/14/2025,EUR,0.92
01/14/2025,GBP,0.79
01/15/2025,USD,1.0
01/15/2025,CAD,1.32
01/15/2025,AUD,1.55
01/15/2025,EUR,0.92
01/15/2025,GBP,0.79
01/16/2025,USD,1.0
01/16/2025,CAD,1.32
01/16/2025,AUD,1.55
01/16/2025,EUR,0.92
01/16/2025,GBP,0.79
01/17/2025,USD,1.0
01/17/2025,CAD,1.32
01/17/2025,AUD,1.55
01/17/2025,EUR,0.92
01/17/2025,GBP,0.79
01/18/2025,USD,1.0
01/18/2025,CAD,1.32
01/18/2025,AUD,1.55
01/18/2025,EUR,0.92
01/18/2025,GBP,0.79
01/19/2025,USD,1.0
01/19/2025,CAD,1.32
01/19/2025,AUD,1.55
01/19/2025,EUR,0.92
01/19/2025,GBP,0.79
01/20/2025,USD,1.0
01/20/2025,CAD,1.32
01/20/2025,AUD,1.55
01/20/2025,EUR,0.92
01/20/2025,GBP,0.79
01/21/2025,USD,1.0
01/21/2025,CAD,1.32
01/21/2025,AUD,1.55
01/21/2025,EUR,0.92
01/21/2025,GBP,0.79
01/22/2025,USD,1.0
01/22/2025,CAD,1.32
01/22/2025,AUD,1.55
01/22/2025,EUR,0.92
01/22/2025,GBP,0.79
01/23/2025,USD,1.0
01/23/2025,CAD,1.32
01/23/2025,AUD,1.55
01/23/2025,EUR,0.92
01/23/2025,GBP,0.79
01/24/2025,USD,1.0
01/24/2025,CAD,1.32
01/24/2025,AUD,1.55
01/24/2025,EUR,0.92
01/24/2025,GBP,0.79
01/25/2025,USD,1.0
01/25/2025,CAD,1.32
01/25/2025,AUD,1.55
01/25/2025,EUR,0.92
01/25/2025,GBP,0.79
01/26/2025,USD,1.0
01/26/2025,CAD,1.32
01/26/2025,AUD,1.55
01/26/2025,EUR,0.92
01/26/2025,GBP,0.79
01/27/2025,USD,1.0
01/27/2025,CAD,1.32
01/27/2025,AUD,1.55
01/27/2025,EUR,0.92
01/27/2025,GBP,0.79
01/28/2025,USD,1.0
01/28/2025,CAD,1.32
01/28/2025,AUD,1.55
01/28/2025,EUR,0.92
01/28/2025,GBP,0.79
01/29/2025,USD,1.0
01/29/2025,CAD,1.32
01/29/2025,AUD,1.55
01/29/2025,EUR,0.92
01/29/2025,GBP,0.79
01/30/2025,USD,1.0
01/30/2025,CAD,1.32
01/30/2025,AUD,1.55
01/30/2025,EUR,0.92
01/30/2025,GBP,0.79
01/31/2025,USD,1.0
01/31/2025,CAD,1.32
01/31/2025,AUD,1.55
01/31/2025,EUR,0.92
01/31/2025,GBP,0.79
02/01/2025,USD,1.0
02/01/2025,CAD,1.32
02/01/2025,AUD,1.55
02/01/2025,EUR,0.92
02/01/2025,GBP,0.79
02/02/2025,USD,1.0
02/02/2025,CAD,1.32
02/02/2025,AUD,1.55
02/02/2025,EUR,0.92
02/02/2025,GBP,0.79
02/03/2025,USD,1.0
02/03/2025,CAD,1.32
02/03/2025,AUD,1.55
02/03/2025,EUR,0.92
02/03/2025,GBP,0.79
02/04/2025,USD,1.0
02/04/2025,CAD,1.32
02/04/2025,AUD,1.55
02/04/2025,EUR,0.92
02/04/2025,GBP,0.79
02/05/2025,USD,1.0
02/05/2025,CAD,1.32
02/05/2025,AUD,1.55
02/05/2025,EUR,0.92
02/05/2025,GBP,0.79
02/06/2025,USD,1.0
02/06/2025,CAD,1.32
02/06/2025,AUD,1.55
02/06/2025,EUR,0.92
02/06/2025,GBP,0.79
02/07/2025,USD,1.0
02/07/2025,CAD,1.32
02/07/2025,AUD,1.55
02/07/2025,EUR,0.92
02/07/2025,GBP,0.79
02/08/2025,USD,1.0
02/08/2025,CAD,1.32
02/08/2025,AUD,1.55
02/08/2025,EUR,0.92
02/08/2025,GBP,0.79
02/09/2025,USD,1.0
02/09/2025,CAD,1.32
02/09/2025,AUD,1.55
02/09/2025,EUR,0.92
02/09/2025,GBP,0.79
02/10/2025,USD,1.0
02/10/2025,CAD,1.32
02/10/2025,AUD,1.55
02/10/2025,EUR,0.92
02/10/2025,GBP,0.79
02/11/2025,USD,1.0
02/11/2025,CAD,1.32
02/11/2025,AUD,1.55
02/11/2025,EUR,0.92
02/11/2025,GBP,0.79
02/12/2025,USD,1.0
02/12/2025,CAD,1.32
02/12/2025,AUD,1.55
02/12/2025,EUR,0.92
02/12/2025,GBP,0.79
02/13/2025,USD,1.0
02/13/2025,CAD,1.32
02/13/2025,AUD,1.55
02/13/2025,EUR,0.92
02/13/2025,GBP,0.79
02/14/2025,USD,1.0
02/14/2025,CAD,1.32
02/14/2025,AUD,1.55
02/14/2025,EUR,0.92
02/14/2025,GBP,0.79
02/15/2025,USD,1.0
02/15/2025,CAD,1.32
02/15/2025,AUD,1.55
02/15/2025,EUR,0.92
02/15/2025,GBP,0.79
02/16/2025,USD,1.0
02/16/2025,CAD,1.32
02/16/2025,AUD,1.55
02/16/2025,EUR,0.92
02/16/2025,GBP,0.79
02/17/2025,USD,1.0
02/17/2025,CAD,1.32
02/17/2025,AUD,1.55
02/17/2025,EUR,0.92
02/17/2025,GBP,0.79
02/18/2025,USD,1.0
02/18/2025,CAD,1.32
02/18/2025,AUD,1.55
02/18/2025,EUR,0.92
02/18/2025,GBP,0.79
02/19/2025,USD,1.0
02/19/2025,CAD,1.32
02/19/2025,AUD,1.55
02/19/2025,EUR,0.92
02/19/2025,GBP,0.79
02/20/2025,USD,1.0
02/20/2025,CAD,1.32
02/20/2025,AUD,1.55
02/20/2025,EUR,0.92
02/20/2025,GBP,0.79
02/21/2025,USD,1.0
02/21/2025,CAD,1.32
02/21/2025,AUD,1.55
02/21/2025,EUR,0.92
02/21/2025,GBP,0.79
02/22/2025,USD,1.0
02/22/2025,CAD,1.32
02/22/2025,AUD,1.55
02/22/2025,EUR,0.92
02/22/2025,GBP,0.79
02/23/2025,USD,1.0
02/23/2025,CAD,1.32
02/23/2025,AUD,1.55
02/23/2025,EUR,0.92
02/23/2025,GBP,0.79
02/24/2025,USD,1.0
02/24/2025,CAD,1.32
02/24/2025,AUD,1.55
02/24/2025,EUR,0.92
02/24/2025,GBP,0.79
02/25/2025,USD,1.0
02/25/2025,CAD,1.32
02/25/2025,AUD,1.55
02/25/2025,EUR,0.92
02/25/2025,GBP,0.79
02/26/2025,USD,1.0
02/26/2025,CAD,1.32
02/26/2025,AUD,1.55
02/26/2025,EUR,0.92
02/26/2025,GBP,0.79
02/27/2025,USD,1.0
02/27/2025,CAD,1.32
02/27/2025,AUD,1.55
02/27/2025,EUR,0.92
02/27/2025,GBP,0.79
02/28/2025,USD,1.0
02/28/2025,CAD,1.32
02/28/2025,AUD,1.55
02/28/2025,EUR,0.92
02/28/2025,GBP,0.79
03/01/2025,USD,1.0
03/01/2025,CAD,1.32
03/01/2025,AUD,1.55
03/01/2025,EUR,0.92
03/01/2025,GBP,0.79
03/02/2025,USD,1.0
03/02/2025,CAD,1.32
03/02/2025,AUD,1.55
03/02/2025,EUR,0.92
03/02/2025,GBP,0.79
03/03/2025,USD,1.0
03/03/2025,CAD,1.32
03/03/2025,AUD,1.55
03/03/2025,EUR,0.92
03/03/2025,GBP,0.79
03/04/2025,USD,1.0
03/04/2025,CAD,1.32
03/04/2025,AUD,1.55
03/04/2025,EUR,0.92
03/04/2025,GBP,0.79
03/05/2025,USD,1.0
03/05/2025,CAD,1.32
03/05/2025,AUD,1.55
03/05/2025,EUR,0.92
03/05/2025,GBP,0.79
03/06/2025,USD,1.0
03/06/2025,CAD,1.32
03/06/2025,AUD,1.55
03/06/2025,EUR,0.92
03/06/2025,GBP,0.79
03/07/2025,USD,1.0
03/07/2025,CAD,1.32
03/07/2025,AUD,1.55
03/07/2025,EUR,0.92
03/07/2025,GBP,0.79
03/08/2025,USD,1.0
03/08/2025,CAD,1.32
03/08/2025,AUD,1.55
03/08/2025,EUR,0.92
03/08/2025,GBP,0.79
03/09/2025,USD,1.0
03/09/2025,CAD,1.32
03/09/2025,AUD,1.55
03/09/2025,EUR,0.92
03/09/2025,GBP,0.79
03/10/2025,USD,1.0
03/10/2025,CAD,1.32
03/10/2025,AUD,1.55
03/10/2025,EUR,0.92
03/10/2025,GBP,0.79
03/11/2025,USD,1.0
03/11/2025,CAD,1.32
03/11/2025,AUD,1.55
03/11/2025,EUR,0.92
03/11/2025,GBP,0.79
03/12/2025,USD,1.0
03/12/2025,CAD,1.32
03/12/2025,AUD,1.55
03/12/2025,EUR,0.92
03/12/2025,GBP,0.79
03/13/2025,USD,1.0
03/13/2025,CAD,1.32
03/13/2025,AUD,1.55
03/13/2025,EUR,0.92
03/13/2025,GBP,0.79
03/14/2025,USD,1.0
03/14/2025,CAD,1.32
03/14/2025,AUD,1.55
03/14/2025,EUR,0.92
03/14/2025,GBP,0.79
03/15/2025,USD,1.0
03/15/2025,CAD,1.32
03/15/2025,AUD,1.55
03/15/2025,EUR,0.92
03/15/2025,GBP,0.79
03/16/2025,USD,1.0
03/16/2025,CAD,1.32
03/16/2025,AUD,1.55
03/16/2025,EUR,0.92
03/16/2025,GBP,0.79
03/17/2025,USD,1.0
03/17/2025,CAD,1.32
03/17/2025,AUD,1.55
03/17/2025,EUR,0.92
03/17/2025,GBP,0.79
03/18/2025,USD,1.0
03/18/2025,CAD,1.32
03/18/2025,AUD,1.55
03/18/2025,EUR,0.92
03/18/2025,GBP,0.79
03/19/2025,USD,1.0
03/19/2025,CAD,1.32
03/19/2025,AUD,1.55
03/19/2025,EUR,0.92
03/19/2025,GBP,0.79
03/20/2025,USD,1.0
03/20/2025,CAD,1.32
03/20/2025,AUD,1.55
03/20/2025,EUR,0.92
03/20/2025,GBP,0.79
03/21/2025,USD,1.0
03/21/2025,CAD,1.32
03/21/2025,AUD,1.55
03/21/2025,EUR,0.92
03/21/2025,GBP,0.79
03/22/2025,USD,1.0
03/22/2025,CAD,1.32
03/22/2025,AUD,1.55
03/22/2025,EUR,0.92
03/22/2025,GBP,0.79
03/23/2025,USD,1.0
03/23/2025,CAD,1.32
03/23/2025,AUD,1.55
03/23/2025,EUR,0.92
03/23/2025,GBP,0.79
03/24/2025,USD,1.0
03/24/2025,CAD,1.32
03/24/2025,AUD,1.55
03/24/2025,EUR,0.92
03/24/2025,GBP,0.79
03/25/2025,USD,1.0
03/25/2025,CAD,1.32
03/25/2025,AUD,1.55
03/25/2025,EUR,0.92
03/25/2025,GBP,0.79
03/26/2025,USD,1.0
03/26/2025,CAD,1.32
03/26/2025,AUD,1.55
03/26/2025,EUR,0.92
03/26/2025,GBP,0.79
03/27/2025,USD,1.0
03/27/2025,CAD,1.32
03/27/2025,AUD,1.55
03/27/2025,EUR,0.92
03/27/2025,GBP,0.79
03/28/2025,USD,1.0
03/28/2025,CAD,1.32
03/28/2025,AUD,1.55
03/28/2025,EUR,0.92
03/28/2025,GBP,0.79
03/29/2025,USD,1.0
03/29/2025,CAD,1.32
03/29/2025,AUD,1.55
03/29/2025,EUR,0.92
03/29/2025,GBP,0.79
03/30/2025,USD,1.0
03/30/2025,CAD,1.32
03/30/2025,AUD,1.55
03/30/2025,EUR,0.92
03/30/2025,GBP,0.79
03/31/2025,USD,1.0
03/31/2025,CAD,1.32
03/31/2025,AUD,1.55
03/31/2025,EUR,0.92
03/31/2025,GBP,0.79
04/01/2025,USD,1.0
04/01/2025,CAD,1.32
04/01/2025,AUD,1.55
04/01/2025,EUR,0.92
04/01/2025,GBP,0.79
04/02/2025,USD,1.0
04/02/2025,CAD,1.32
04/02/2025,AUD,1.55
04/02/2025,EUR,0.92
04/02/2025,GBP,0.79
04/03/2025,USD,1.0
04/03/2025,CAD,1.32
04/03/2025,AUD,1.55
04/03/2025,EUR,0.92
04/03/2025,GBP,0.79
04/04/2025,USD,1.0
04/04/2025,CAD,1.32
04/04/2025,AUD,1.55
04/04/2025,EUR,0.92
04/04/2025,GBP,0.79
04/05/2025,USD,1.0
04/05/2025,CAD,1.32
04/05/2025,AUD,1.55
04/05/2025,EUR,0.92
04/05/2025,GBP,0.79
04/06/2025,USD,1.0
04/06/2025,CAD,1.32
04/06/2025,AUD,1.55
04/06/2025,EUR,0.92
04/06/2025,GBP,0.79
04/07/2025,USD,1.0
04/07/2025,CAD,1.32
04/07/2025,AUD,1.55
04/07/2025,EUR,0.92
04/07/2025,GBP,0.79
04/08/2025,USD,1.0
04/08/2025,CAD,1.32
04/08/2025,AUD,1.55
04/08/2025,EUR,0.92
04/08/2025,GBP,0.79
04/09/2025,USD,1.0
04/09/2025,CAD,1.32
04/09/2025,AUD,1.55
04/09/2025,EUR,0.92
04/09/2025,GBP,0.79
04/10/2025,USD,1.0
04/10/2025,CAD,1.32
04/10/2025,AUD,1.55
04/10/2025,EUR,0.92
04/10/2025,GBP,0.79
04/11/2025,USD,1.0
04/11/2025,CAD,1.32
04/11/2025,AUD,1.55
04/11/2025,EUR,0.92
04/11/2025,GBP,0.79
04/12/2025,USD,1.0
04/12/2025,CAD,1.32
04/12/2025,AUD,1.55
04/12/2025,EUR,0.92
04/12/2025,GBP,0.79
04/13/2025,USD,1.0
04/13/2025,CAD,1.32
04/13/2025,AUD,1.55
04/13/2025,EUR,0.92
04/13/2025,GBP,0.79
04/14/2025,USD,1.0
04/14/2025,CAD,1.32
04/14/2025,AUD,1.55
04/14/2025,EUR,0.92
04/14/2025,GBP,0.79
04/15/2025,USD,1.0
04/15/2025,CAD,1.32
04/15/2025,AUD,1.55
04/15/2025,EUR,0.92
04/15/2025,GBP,0.79
04/16/2025,USD,1.0
04/16/2025,CAD,1.32
04/16/2025,AUD,1.55
04/16/2025,EUR,0.92
04/16/2025,GBP,0.79
04/17/2025,USD,1.0
04/17/2025,CAD,1.32
04/17/2025,AUD,1.55
04/17/2025,EUR,0.92
04/17/2025,GBP,0.79
04/18/2025,USD,1.0
04/18/2025,CAD,1.32
04/18/2025,AUD,1.55
04/18/2025,EUR,0.92
04/18/2025,GBP,0.79
04/19/2025,USD,1.0
04/19/2025,CAD,1.32
04/19/2025,AUD,1.55
04/19/2025,EUR,0.92
04/19/2025,GBP,0.79
04/20/2025,USD,1.0
04/20/2025,CAD,1.32
04/20/2025,AUD,1.55
04/20/2025,EUR,0.92
04/20/2025,GBP,0.79
04/21/2025,USD,1.0
04/21/2025,CAD,1.32
04/21/2025,AUD,1.55
04/21/2025,EUR,0.92
04/21/2025,GBP,0.79
04/22/2025,USD,1.0
04/22/2025,CAD,1.32
04/22/2025,AUD,1.55
04/22/2025,EUR,0.92
04/22/2025,GBP,0.79
04/23/2025,USD,1.0
04/23/2025,CAD,1.32
04/23/2025,AUD,1.55
04/23/2025,EUR,0.92
04/23/2025,GBP,0.79
04/24/2025,USD,1.0
04/24/2025,CAD,1.32
04/24/2025,AUD,1.55
04/24/2025,EUR,0.92
04/24/2025,GBP,0.79
04/25/2025,USD,1.0
04/25/2025,CAD,1.32
04/25/2025,AUD,1.55
04/25/2025,EUR,0.92
04/25/2025,GBP,0.79
04/26/2025,USD,1.0
04/26/2025,CAD,1.32
04/26/2025,AUD,1.55
04/26/2025,EUR,0.92
04/26/2025,GBP,0.79
04/27/2025,USD,1.0
04/27/2025,CAD,1.32
04/27/2025,AUD,1.55
04/27/2025,EUR,0.92
04/27/2025,GBP,0.79
04/28/2025,USD,1.0
04/28/2025,CAD,1.32
04/28/2025,AUD,1.55
04/28/2025,EUR,0.92
04/28/2025,GBP,0.79
04/29/2025,USD,1.0
04/29/2025,CAD,1.32
04/29/2025,AUD,1.55
04/29/2025,EUR,0.92
04/29/2025,GBP,0.79
04/30/2025,USD,1.0
04/30/2025,CAD,1.32
04/30/2025,AUD,1.55
04/30/2025,EUR,0.92
04/30/2025,GBP,0.79
05/01/2025,USD,1.0
05/01/2025,CAD,1.32
05/01/2025,AUD,1.55
05/01/2025,EUR,0.92
05/01/2025,GBP,0.79
05/02/2025,USD,1.0
05/02/2025,CAD,1.32
05/02/2025,AUD,1.55
05/02/2025,EUR,0.92
05/02/2025,GBP,0.79
05/03/2025,USD,1.0
05/03/2025,CAD,1.32
05/03/2025,AUD,1.55
05/03/2025,EUR,0.92
05/03/2025,GBP,0.79
05/04/2025,USD,1.0
05/04/2025,CAD,1.32
05/04/2025,AUD,1.55
05/04/2025,EUR,0.92
05/04/2025,GBP,0.79
05/05/2025,USD,1.0
05/05/2025,CAD,1.32
05/05/2025,AUD,1.55
05/05/2025,EUR,0.92
05/05/2025,GBP,0.79
05/06/2025,USD,1.0
05/06/2025,CAD,1.32
05/06/2025,AUD,1.55
05/06/2025,EUR,0.92
05/06/2025,GBP,0.79
05/07/2025,USD,1.0
05/07/2025,CAD,1.32
05/07/2025,AUD,1.55
05/07/2025,EUR,0.92
05/07/2025,GBP,0.79
05/08/2025,USD,1.0
05/08/2025,CAD,1.32
05/08/2025,AUD,1.55
05/08/2025,EUR,0.92
05/08/2025,GBP,0.79
05/09/2025,USD,1.0
05/09/2025,CAD,1.32
05/09/2025,AUD,1.55
05/09/2025,EUR,0.92
05/09/2025,GBP,0.79
05/10/2025,USD,1.0
05/10/2025,CAD,1.32
05/10/2025,AUD,1.55
05/10/2025,EUR,0.92
05/10/2025,GBP,0.79
05/11/2025,USD,1.0
05/11/2025,CAD,1.32
05/11/2025,AUD,1.55
05/11/2025,EUR,0.92
05/11/2025,GBP,0.79
05/12/2025,USD,1.0
05/12/2025,CAD,1.32
05/12/2025,AUD,1.55
05/12/2025,EUR,0.92
05/12/2025,GBP,0.79
05/13/2025,USD,1.0
05/13/2025,CAD,1.32
05/13/2025,AUD,1.55
05/13/2025,EUR,0.92
05/13/2025,GBP,0.79
05/14/2025,USD,1.0
05/14/2025,CAD,1.32
05/14/2025,AUD,1.55
05/14/2025,EUR,0.92
05/14/2025,GBP,0.79
05/15/2025,USD,1.0
05/15/2025,CAD,1.32
05/15/2025,AUD,1.55
05/15/2025,EUR,0.92
05/15/2025,GBP,0.79
05/16/2025,USD,1.0
05/16/2025,CAD,1.32
05/16/2025,AUD,1.55
05/16/2025,EUR,0.92
05/16/2025,GBP,0.79
05/17/2025,USD,1.0
05/17/2025,CAD,1.32
05/17/2025,AUD,1.55
05/17/2025,EUR,0.92
05/17/2025,GBP,0.79
05/18/2025,USD,1.0
05/18/2025,CAD,1.32
05/18/2025,AUD,1.55
05/18/2025,EUR,0.92
05/18/2025,GBP,0.79
05/19/2025,USD,1.0
05/19/2025,CAD,1.32
05/19/2025,AUD,1.55
05/19/2025,EUR,0.92
05/19/2025,GBP,0.79
05/20/2025,USD,1.0
05/20/2025,CAD,1.32
05/20/2025,AUD,1.55
05/20/2025,EUR,0.92
05/20/2025,GBP,0.79
05/21/2025,USD,1.0
05/21/2025,CAD,1.32
05/21/2025,AUD,1.55
05/21/2025,EUR,0.92
05/21/2025,GBP,0.79
05/22/2025,USD,1.0
05/22/2025,CAD,1.32
05/22/2025,AUD,1.55
05/22/2025,EUR,0.92
05/22/2025,GBP,0.79
05/23/2025,USD,1.0
05/23/2025,CAD,1.32
05/23/2025,AUD,1.55
05/23/2025,EUR,0.92
05/23/2025,GBP,0.79
05/24/2025,USD,1.0
05/24/2025,CAD,1.32
05/24/2025,AUD,1.55
05/24/2025,EUR,0.92
05/24/2025,GBP,0.79
05/25/2025,USD,1.0
05/25/2025,CAD,1.32
05/25/2025,AUD,1.55
05/25/2025,EUR,0.92
05/25/2025,GBP,0.79
05/26/2025,USD,1.0
05/26/2025,CAD,1.32
05/26/2025,AUD,1.55
05/26/2025,EUR,0.92
05/26/2025,GBP,0.79
05/27/2025,USD,1.0
05/27/2025,CAD,1.32
05/27/2025,AUD,1.55
05/27/2025,EUR,0.92
05/27/2025,GBP,0.79
05/28/2025,USD,1.0
05/28/2025,CAD,1.32
05/28/2025,AUD,1.55
05/28/2025,EUR,0.92
05/28/2025,GBP,0.79
05/29/2025,USD,1.0
05/29/2025,CAD,1.32
05/29/2025,AUD,1.55
05/29/2025,EUR,0.92
05/29/2025,GBP,0.79
05/30/2025,USD,1.0
05/30/2025,CAD,1.32
05/30/2025,AUD,1.55
05/30/2025,EUR,0.92
05/30/2025,GBP,0.79
05/31/2025,USD,1.0
05/31/2025,CAD,1.32
05/31/2025,AUD,1.55
05/31/2025,EUR,0.92
05/31/2025,GBP,0.79
06/01/2025,USD,1.0
06/01/2025,CAD,1.32
06/01/2025,AUD,1.55
06/01/2025,EUR,0.92
06/01/2025,GBP,0.79
06/02/2025,USD,1.0
06/02/2025,CAD,1.32
06/02/2025,AUD,1.55
06/02/2025,EUR,0.92
06/02/2025,GBP,0.79
06/03/2025,USD,1.0
06/03/2025,CAD,1.32
06/03/2025,AUD,1.55
06/03/2025,EUR,0.92
06/03/2025,GBP,0.79
06/04/2025,USD,1.0
06/04/2025,CAD,1.32
06/04/2025,AUD,1.55
06/04/2025,EUR,0.92
06/04/2025,GBP,0.79
06/05/2025,USD,1.0
06/05/2025,CAD,1.32
06/05/2025,AUD,1.55
06/05/2025,EUR,0.92
06/05/2025,GBP,0.79
06/06/2025,USD,1.0
06/06/2025,CAD,1.32
06/06/2025,AUD,1.55
06/06/2025,EUR,0.92
06/06/2025,GBP,0.79
06/07/2025,USD,1.0
06/07/2025,CAD,1.32
06/07/2025,AUD,1.55
06/07/2025,EUR,0.92
06/07/2025,GBP,0.79
06/08/2025,USD,1.0
06/08/2025,CAD,1.32
06/08/2025,AUD,1.55
06/08/2025,EUR,0.92
06/08/2025,GBP,0.79
06/09/2025,USD,1.0
06/09/2025,CAD,1.32
06/09/2025,AUD,1.55
06/09/2025,EUR,0.92
06/09/2025,GBP,0.79
06/10/2025,USD,1.0
06/10/2025,CAD,1.32
06/10/2025,AUD,1.55
06/10/2025,EUR,0.92
06/10/2025,GBP,0.79
06/11/2025,USD,1.0
06/11/2025,CAD,1.32
06/11/2025,AUD,1.55
06/11/2025,EUR,0.92
06/11/2025,GBP,0.79
06/12/2025,USD,1.0
06/12/2025,CAD,1.32
06/12/2025,AUD,1.55
06/12/2025,EUR,0.92
06/12/2025,GBP,0.79
06/13/2025,USD,1.0
06/13/2025,CAD,1.32
06/13/2025,AUD,1.55
06/13/2025,EUR,0.92
06/13/2025,GBP,0.79
06/14/2025,USD,1.0
06/14/2025,CAD,1.32
06/14/2025,AUD,1.55
06/14/2025,EUR,0.92
06/14/2025,GBP,0.79
06/15/2025,USD,1.0
06/15/2025,CAD,1.32
06/15/2025,AUD,1.55
06/15/2025,EUR,0.92
06/15/2025,GBP,0.79
06/16/2025,USD,1.0
06/16/2025,CAD,1.32
06/16/2025,AUD,1.55
06/16/2025,EUR,0.92
06/16/2025,GBP,0.79
06/17/2025,USD,1.0
06/17/2025,CAD,1.32
06/17/2025,AUD,1.55
06/17/2025,EUR,0.92
06/17/2025,GBP,0.79
06/18/2025,USD,1.0
06/18/2025,CAD,1.32
06/18/2025,AUD,1.55
06/18/2025,EUR,0.92
06/18/2025,GBP,0.79
06/19/2025,USD,1.0
06/19/2025,CAD,1.32
06/19/2025,AUD,1.55
06/19/2025,EUR,0.92
06/19/2025,GBP,0.79
06/20/2025,USD,1.0
06/20/2025,CAD,1.32
06/20/2025,AUD,1.55
06/20/2025,EUR,0.92
06/20/2025,GBP,0.79
06/21/2025,USD,1.0
06/21/2025,CAD,1.32
06/21/2025,AUD,1.55
06/21/2025,EUR,0.92
06/21/2025,GBP,0.79
06/22/2025,USD,1.0
06/22/2025,CAD,1.32
06/22/2025,AUD,1.55
06/22/2025,EUR,0.92
06/22/2025,GBP,0.79
06/23/2025,USD,1.0
06/23/2025,CAD,1.32
06/23/2025,AUD,1.55
06/23/2025,EUR,0.92
06/23/2025,GBP,0.79
06/24/2025,USD,1.0
06/24/2025,CAD,1.32
06/24/2025,AUD,1.55
06/24/2025,EUR,0.92
06/24/2025,GBP,0.79
06/25/2025,USD,1.0
06/25/2025,CAD,1.32
06/25/2025,AUD,1.55
06/25/2025,EUR,0.92
06/25/2025,GBP,0.79
06/26/2025,USD,1.0
06/26/2025,CAD,1.32
06/26/2025,AUD,1.55
06/26/2025,EUR,0.92
06/26/2025,GBP,0.79
06/27/2025,USD,1.0
06/27/2025,CAD,1.32
06/27/2025,AUD,1.55
06/27/2025,EUR,0.92
06/27/2025,GBP,0.79
06/28/2025,USD,1.0
06/28/2025,CAD,1.32
06/28/2025,AUD,1.55
06/28/2025,EUR,0.92
06/28/2025,GBP,0.79
06/29/2025,USD,1.0
06/29/2025,CAD,1.32
06/29/2025,AUD,1.55
06/29/2025,EUR,0.92
06/29/2025,GBP,0.79
06/30/2025,USD,1.0
06/30/2025,CAD,1.32
06/30/2025,AUD,1.55
06/30/2025,EUR,0.92
06/30/2025,GBP,0.79
07/01/2025,USD,1.0
07/01/2025,CAD,1.32
07/01/2025,AUD,1.55
07/01/2025,EUR,0.92
07/01/2025,GBP,0.79
07/02/2025,USD,1.0
07/02/2025,CAD,1.32
07/02/2025,AUD,1.55
07/02/2025,EUR,0.92
07/02/2025,GBP,0.79
07/03/2025,USD,1.0
07/03/2025,CAD,1.32
07/03/2025,AUD,1.55
07/03/2025,EUR,0.92
07/03/2025,GBP,0.79
07/04/2025,USD,1.0
07/04/2025,CAD,1.32
07/04/2025,AUD,1.55
07/04/2025,EUR,0.92
07/04/2025,GBP,0.79
07/05/2025,USD,1.0
07/05/2025,CAD,1.32
07/05/2025,AUD,1.55
07/05/2025,EUR,0.92
07/05/2025,GBP,0.79
07/06/2025,USD,1.0
07/06/2025,CAD,1.32
07/06/2025,AUD,1.55
07/06/2025,EUR,0.92
07/06/2025,GBP,0.79
07/07/2025,USD,1.0
07/07/2025,CAD,1.32
07/07/2025,AUD,1.55
07/07/2025,EUR,0.92
07/07/2025,GBP,0.79
07/08/2025,USD,1.0
07/08/2025,CAD,1.32
07/08/2025,AUD,1.55
07/08/2025,EUR,0.92
07/08/2025,GBP,0.79
07/09/2025,USD,1.0
07/09/2025,CAD,1.32
07/09/2025,AUD,1.55
07/09/2025,EUR,0.92
07/09/2025,GBP,0.79
07/10/2025,USD,1.0
07/10/2025,CAD,1.32
07/10/2025,AUD,1.55
07/10/2025,EUR,0.92
07/10/2025,GBP,0.79
07/11/2025,USD,1.0
07/11/2025,CAD,1.32
07/11/2025,AUD,1.55
07/11/2025,EUR,0.92
07/11/2025,GBP,0.79
07/12/2025,USD,1.0
07/12/2025,CAD,1.32
07/12/2025,AUD,1.55
07/12/2025,EUR,0.92
07/12/2025,GBP,0.79
07/13/2025,USD,1.0
07/13/2025,CAD,1.32
07/13/2025,AUD,1.55
07/13/2025,EUR,0.92
07/13/2025,GBP,0.79
07/14/2025,USD,1.0
07/14/2025,CAD,1.32
07/14/2025,AUD,1.55
07/14/2025,EUR,0.92
07/14/2025,GBP,0.79
07/15/2025,USD,1.0
07/15/2025,CAD,1.32
07/15/2025,AUD,1.55
07/15/2025,EUR,0.92
07/15/2025,GBP,0.79
07/16/2025,USD,1.0
07/16/2025,CAD,1.32
07/16/2025,AUD,1.55
07/16/2025,EUR,0.92
07/16/2025,GBP,0.79
07/17/2025,USD,1.0
07/17/2025,CAD,1.32
07/17/2025,AUD,1.55
07/17/2025,EUR,0.92
07/17/2025,GBP,0.79
07/18/2025,USD,1.0
07/18/2025,CAD,1.32
07/18/2025,AUD,1.55
07/18/2025,EUR,0.92
07/18/2025,GBP,0.79
07/19/2025,USD,1.0
07/19/2025,CAD,1.32
07/19/2025,AUD,1.55
07/19/2025,EUR,0.92
07/19/2025,GBP,0.79
07/20/2025,USD,1.0
07/20/2025,CAD,1.32
07/20/2025,AUD,1.55
07/20/2025,EUR,0.92
07/20/2025,GBP,0.79
07/21/2025,USD,1.0
07/21/2025,CAD,1.32
07/21/2025,AUD,1.55
07/21/2025,EUR,0.92
07/21/2025,GBP,0.79
07/22/2025,USD,1.0
07/22/2025,CAD,1.32
07/22/2025,AUD,1.55
07/22/2025,EUR,0.92
07/22/2025,GBP,0.79
07/23/2025,USD,1.0
07/23/2025,CAD,1.32
07/23/2025,AUD,1.55
07/23/2025,EUR,0.92
07/23/2025,GBP,0.79
07/24/2025,USD,1.0
07/24/2025,CAD,1.32
07/24/2025,AUD,1.55
07/24/2025,EUR,0.92
07/24/2025,GBP,0.79
07/25/2025,USD,1.0
07/25/2025,CAD,1.32
07/25/2025,AUD,1.55
07/25/2025,EUR,0.92
07/25/2025,GBP,0.79
07/26/2025,USD,1.0
07/26/2025,CAD,1.32
07/26/2025,AUD,1.55
07/26/2025,EUR,0.92
07/26/2025,GBP,0.79
07/27/2025,USD,1.0
07/27/2025,CAD,1.32
07/27/2025,AUD,1.55
07/27/2025,EUR,0.92
07/27/2025,GBP,0.79
07/28/2025,USD,1.0
07/28/2025,CAD,1.32
07/28/2025,AUD,1.55
07/28/2025,EUR,0.92
07/28/2025,GBP,0.79
07/29/2025,USD,1.0
07/29/2025,CAD,1.32
07/29/2025,AUD,1.55
07/29/2025,EUR,0.92
07/29/2025,GBP,0.79
07/30/2025,USD,1.0
07/30/2025,CAD,1.32
07/30/2025,AUD,1.55
07/30/2025,EUR,0.92
07/30/2025,GBP,0.79
07/31/2025,USD,1.0
07/31/2025,CAD,1.32
07/31/2025,AUD,1.55
07/31/2025,EUR,0.92
07/31/2025,GBP,0.79
08/01/2025,USD,1.0
08/01/2025,CAD,1.32
08/01/2025,AUD,1.55
08/01/2025,EUR,0.92
08/01/2025,GBP,0.79
08/02/2025,USD,1.0
08/02/2025,CAD,1.32
08/02/2025,AUD,1.55
08/02/2025,EUR,0.92
08/02/2025,GBP,0.79
08/03/2025,USD,1.0
08/03/2025,CAD,1.32
08/03/2025,AUD,1.55
08/03/2025,EUR,0.92
08/03/2025,GBP,0.79
08/04/2025,USD,1.0
08/04/2025,CAD,1.32
08/04/2025,AUD,1.55
08/04/2025,EUR,0.92
08/04/2025,GBP,0.79
08/05/2025,USD,1.0
08/05/2025,CAD,1.32
08/05/2025,AUD,1.55
08/05/2025,EUR,0.92
08/05/2025,GBP,0.79
08/06/2025,USD,1.0
08/06/2025,CAD,1.32
08/06/2025,AUD,1.55
08/06/2025,EUR,0.92
08/06/2025,GBP,0.79
08/07/2025,USD,1.0
08/07/2025,CAD,1.32
08/07/2025,AUD,1.55
08/07/2025,EUR,0.92
08/07/2025,GBP,0.79
08/08/2025,USD,1.0
08/08/2025,CAD,1.32
08/08/2025,AUD,1.55
08/08/2025,EUR,0.92
08/08/2025,GBP,0.79
08/09/2025,USD,1.0
08/09/2025,CAD,1.32
08/09/2025,AUD,1.55
08/09/2025,EUR,0.92
08/09/2025,GBP,0.79
08/10/2025,USD,1.0
08/10/2025,CAD,1.32
08/10/2025,AUD,1.55
08/10/2025,EUR,0.92
08/10/2025,GBP,0.79
08/11/2025,USD,1.0
08/11/2025,CAD,1.32
08/11/2025,AUD,1.55
08/11/2025,EUR,0.92
08/11/2025,GBP,0.79
08/12/2025,USD,1.0
08/12/2025,CAD,1.32
08/12/2025,AUD,1.55
08/12/2025,EUR,0.92
08/12/2025,GBP,0.79
08/13/2025,USD,1.0
08/13/2025,CAD,1.32
08/13/2025,AUD,1.55
08/13/2025,EUR,0.92
08/13/2025,GBP,0.79
08/14/2025,USD,1.0
08/14/2025,CAD,1.32
08/14/2025,AUD,1.55
08/14/2025,EUR,0.92
08/14/2025,GBP,0.79
08/15/2025,USD,1.0
08/15/2025,CAD,1.32
08/15/2025,AUD,1.55
08/15/2025,EUR,0.92
08/15/2025,GBP,0.79
08/16/2025,USD,1.0
08/16/2025,CAD,1.32
08/16/2025,AUD,1.55
08/16/2025,EUR,0.92
08/16/2025,GBP,0.79
08/17/2025,USD,1.0
08/17/2025,CAD,1.32
08/17/2025,AUD,1.55
08/17/2025,EUR,0.92
08/17/2025,GBP,0.79
08/18/2025,USD,1.0
08/18/2025,CAD,1.32
08/18/2025,AUD,1.55
08/18/2025,EUR,0.92
08/18/2025,GBP,0.79
08/19/2025,USD,1.0
08/19/2025,CAD,1.32
08/19/2025,AUD,1.55
08/19/2025,EUR,0.92
08/19/2025,GBP,0.79
08/20/2025,USD,1.0
08/20/2025,CAD,1.32
08/20/2025,AUD,1.55
08/20/2025,EUR,0.92
08/20/2025,GBP,0.79
08/21/2025,USD,1.0
08/21/2025,CAD,1.32
08/21/2025,AUD,1.55
08/21/2025,EUR,0.92
08/21/2025,GBP,0.79
08/22/2025,USD,1.0
08/22/2025,CAD,1.32
08/22/2025,AUD,1.55
08/22/2025,EUR,0.92
08/22/2025,GBP,0.79
08/23/2025,USD,1.0
08/23/2025,CAD,1.32
08/23/2025,AUD,1.55
08/23/2025,EUR,0.92
08/23/2025,GBP,0.79
08/24/2025,USD,1.0
08/24/2025,CAD,1.32
08/24/2025,AUD,1.55
08/24/2025,EUR,0.92
08/24/2025,GBP,0.79
08/25/2025,USD,1.0
08/25/2025,CAD,1.32
08/25/2025,AUD,1.55
08/25/2025,EUR,0.92
08/25/2025,GBP,0.79
08/26/2025,USD,1.0
08/26/2025,CAD,1.32
08/26/2025,AUD,1.55
08/26/2025,EUR,0.92
08/26/2025,GBP,0.79
08/27/2025,USD,1.0
08/27/2025,CAD,1.32
08/27/2025,AUD,1.55
08/27/2025,EUR,0.92
08/27/2025,GBP,0.79
08/28/2025,USD,1.0
08/28/2025,CAD,1.32
08/28/2025,AUD,1.55
08/28/2025,EUR,0.92
08/28/2025,GBP,0.79
08/29/2025,USD,1.0
08/29/2025,CAD,1.32
08/29/2025,AUD,1.55
08/29/2025,EUR,0.92
08/29/2025,GBP,0.79
08/30/2025,USD,1.0
08/30/2025,CAD,1.32
08/30/2025,AUD,1.55
08/30/2025,EUR,0.92
08/30/2025,GBP,0.79
08/31/2025,USD,1.0
08/31/2025,CAD,1.32
08/31/2025,AUD,1.55
08/31/2025,EUR,0.92
08/31/2025,GBP,0.79
09/01/2025,USD,1.0
09/01/2025,CAD,1.32
09/01/2025,AUD,1.55
09/01/2025,EUR,0.92
09/01/2025,GBP,0.79
09/02/2025,USD,1.0
09/02/2025,CAD,1.32
09/02/2025,AUD,1.55
09/02/2025,EUR,0.92
09/02/2025,GBP,0.79
09/03/2025,USD,1.0
09/03/2025,CAD,1.32
09/03/2025,AUD,1.55
09/03/2025,EUR,0.92
09/03/2025,GBP,0.79
09/04/2025,USD,1.0
09/04/2025,CAD,1.32
09/04/2025,AUD,1.55
09/04/2025,EUR,0.92
09/04/2025,GBP,0.79
09/05/2025,USD,1.0
09/05/2025,CAD,1.32
09/05/2025,AUD,1.55
09/05/2025,EUR,0.92
09/05/2025,GBP,0.79
09/06/2025,USD,1.0
09/06/2025,CAD,1.32
09/06/2025,AUD,1.55
09/06/2025,EUR,0.92
09/06/2025,GBP,0.79
09/07/2025,USD,1.0
09/07/2025,CAD,1.32
09/07/2025,AUD,1.55
09/07/2025,EUR,0.92
09/07/2025,GBP,0.79
09/08/2025,USD,1.0
09/08/2025,CAD,1.32
09/08/2025,AUD,1.55
09/08/2025,EUR,0.92
09/08/2025,GBP,0.79
09/09/2025,USD,1.0
09/09/2025,CAD,1.32
09/09/2025,AUD,1.55
09/09/2025,EUR,0.92
09/09/2025,GBP,0.79
09/10/2025,USD,1.0
09/10/2025,CAD,1.32
09/10/2025,AUD,1.55
09/10/2025,EUR,0.92
09/10/2025,GBP,0.79
09/11/2025,USD,1.0
09/11/2025,CAD,1.32
09/11/2025,AUD,1.55
09/11/2025,EUR,0.92
09/11/2025,GBP,0.79
09/12/2025,USD,1.0
09/12/2025,CAD,1.32
09/12/2025,AUD,1.55
09/12/2025,EUR,0.92
09/12/2025,GBP,0.79
09/13/2025,USD,1.0
09/13/2025,CAD,1.32
09/13/2025,AUD,1.55
09/13/2025,EUR,0.92
09/13/2025,GBP,0.79
09/14/2025,USD,1.0
09/14/2025,CAD,1.32
09/14/2025,AUD,1.55
09/14/2025,EUR,0.92
09/14/2025,GBP,0.79
09/15/2025,USD,1.0
09/15/2025,CAD,1.32
09/15/2025,AUD,1.55
09/15/2025,EUR,0.92
09/15/2025,GBP,0.79
09/16/2025,USD,1.0
09/16/2025,CAD,1.32
09/16/2025,AUD,1.55
09/16/2025,EUR,0.92
09/16/2025,GBP,0.79
09/17/2025,USD,1.0
09/17/2025,CAD,1.32
09/17/2025,AUD,1.55
09/17/2025,EUR,0.92
09/17/2025,GBP,0.79
09/18/2025,USD,1.0
09/18/2025,CAD,1.32
09/18/2025,AUD,1.55
09/18/2025,EUR,0.92
09/18/2025,GBP,0.79
09/19/2025,USD,1.0
09/19/2025,CAD,1.32
09/19/2025,AUD,1.55
09/19/2025,EUR,0.92
09/19/2025,GBP,0.79
09/20/2025,USD,1.0
09/20/2025,CAD,1.32
09/20/2025,AUD,1.55
09/20/2025,EUR,0.92
09/20/2025,GBP,0.79
09/21/2025,USD,1.0
09/21/2025,CAD,1.32
09/21/2025,AUD,1.55
09/21/2025,EUR,0.92
09/21/2025,GBP,0.79
09/22/2025,USD,1.0
09/22/2025,CAD,1.32
09/22/2025,AUD,1.55
09/22/2025,EUR,0.92
09/22/2025,GBP,0.79
09/23/2025,USD,1.0
09/23/2025,CAD,1.32
09/23/2025,AUD,1.55
09/23/2025,EUR,0.92
09/23/2025,GBP,0.79
09/24/2025,USD,1.0
09/24/2025,CAD,1.32
09/24/2025,AUD,1.55
09/24/2025,EUR,0.92
09/24/2025,GBP,0.79
09/25/2025,USD,1.0
09/25/2025,CAD,1.32
09/25/2025,AUD,1.55
09/25/2025,EUR,0.92
09/25/2025,GBP,0.79
09/26/2025,USD,1.0
09/26/2025,CAD,1.32
09/26/2025,AUD,1.55
09/26/2025,EUR,0.92
09/26/2025,GBP,0.79
09/27/2025,USD,1.0
09/27/2025,CAD,1.32
09/27/2025,AUD,1.55
09/27/2025,EUR,0.92
09/27/2025,GBP,0.79
09/28/2025,USD,1.0
09/28/2025,CAD,1.32
09/28/2025,AUD,1.55
09/28/2025,EUR,0.92
09/28/2025,GBP,0.79
09/29/2025,USD,1.0
09/29/2025,CAD,1.32
09/29/2025,AUD,1.55
09/29/2025,EUR,0.92
09/29/2025,GBP,0.79
09/30/2025,USD,1.0
09/30/2025,CAD,1.32
09/30/2025,AUD,1.55
09/30/2025,EUR,0.92
09/30/2025,GBP,0.79
10/01/2025,USD,1.0
10/01/2025,CAD,1.32
10/01/2025,AUD,1.55
10/01/2025,EUR,0.92
10/01/2025,GBP,0.79
10/02/2025,USD,1.0
10/02/2025,CAD,1.32
10/02/2025,AUD,1.55
10/02/2025,EUR,0.92
10/02/2025,GBP,0.79
10/03/2025,USD,1.0
10/03/2025,CAD,1.32
10/03/2025,AUD,1.55
10/03/2025,EUR,0.92
10/03/2025,GBP,0.79
10/04/2025,USD,1.0
10/04/2025,CAD,1.32
10/04/2025,AUD,1.55
10/04/2025,EUR,0.92
10/04/2025,GBP,0.79
10/05/2025,USD,1.0
10/05/2025,CAD,1.32
10/05/2025,AUD,1.55
10/05/2025,EUR,0.92
10/05/2025,GBP,0.79
10/06/2025,USD,1.0
10/06/2025,CAD,1.32
10/06/2025,AUD,1.55
10/06/2025,EUR,0.92
10/06/2025,GBP,0.79
10/07/2025,USD,1.0
10/07/2025,CAD,1.32
10/07/2025,AUD,1.55
10/07/2025,EUR,0.92
10/07/2025,GBP,0.79
10/08/2025,USD,1.0
10/08/2025,CAD,1.32
10/08/2025,AUD,1.55
10/08/2025,EUR,0.92
10/08/2025,GBP,0.79
10/09/2025,USD,1.0
10/09/2025,CAD,1.32
10/09/2025,AUD,1.55
10/09/2025,EUR,0.92
10/09/2025,GBP,0.79
10/10/2025,USD,1.0
10/10/2025,CAD,1.32
10/10/2025,AUD,1.55
10/10/2025,EUR,0.92
10/10/2025,GBP,0.79
10/11/2025,USD,1.0
10/11/2025,CAD,1.32
10/11/2025,AUD,1.55
10/11/2025,EUR,0.92
10/11/2025,GBP,0.79
10/12/2025,USD,1.0
10/12/2025,CAD,1.32
10/12/2025,AUD,1.55
10/12/2025,EUR,0.92
10/12/2025,GBP,0.79
10/13/2025,USD,1.0
10/13/2025,CAD,1.32
10/13/2025,AUD,1.55
10/13/2025,EUR,0.92
10/13/2025,GBP,0.79
10/14/2025,USD,1.0
10/14/2025,CAD,1.32
10/14/2025,AUD,1.55
10/14/2025,EUR,0.92
10/14/2025,GBP,0.79
10/15/2025,USD,1.0
10/15/2025,CAD,1.32
10/15/2025,AUD,1.55
10/15/2025,EUR,0.92
10/15/2025,GBP,0.79
10/16/2025,USD,1.0
10/16/2025,CAD,1.32
10/16/2025,AUD,1.55
10/16/2025,EUR,0.92
10/16/2025,GBP,0.79
10/17/2025,USD,1.0
10/17/2025,CAD,1.32
10/17/2025,AUD,1.55
10/17/2025,EUR,0.92
10/17/2025,GBP,0.79
10/18/2025,USD,1.0
10/18/2025,CAD,1.32
10/18/2025,AUD,1.55
10/18/2025,EUR,0.92
10/18/2025,GBP,0.79
10/19/2025,USD,1.0
10/19/2025,CAD,1.32
10/19/2025,AUD,1.55
10/19/2025,EUR,0.92
10/19/2025,GBP,0.79
10/20/2025,USD,1.0
10/20/2025,CAD,1.32
10/20/2025,AUD,1.55
10/20/2025,EUR,0.92
10/20/2025,GBP,0.79
10/21/2025,USD,1.0
10/21/2025,CAD,1.32
10/21/2025,AUD,1.55
10/21/2025,EUR,0.92
10/21/2025,GBP,0.79
10/22/2025,USD,1.0
10/22/2025,CAD,1.32
10/22/2025,AUD,1.55
10/22/2025,EUR,0.92
10/22/2025,GBP,0.79
10/23/2025,USD,1.0
10/23/2025,CAD,1.32
10/23/2025,AUD,1.55
10/23/2025,EUR,0.92
10/23/2025,GBP,0.79
10/24/2025,USD,1.0
10/24/2025,CAD,1.32
10/24/2025,AUD,1.55
10/24/2025,EUR,0.92
10/24/2025,GBP,0.79
10/25/2025,USD,1.0
10/25/2025,CAD,1.32
10/25/2025,AUD,1.55
10/25/2025,EUR,0.92
10/25/2025,GBP,0.79
10/26/2025,USD,1.0
10/26/2025,CAD,1.32
10/26/2025,AUD,1.55
10/26/2025,EUR,0.92
10/26/2025,GBP,0.79
10/27/2025,USD,1.0
10/27/2025,CAD,1.32
10/27/2025,AUD,1.55
10/27/2025,EUR,0.92
10/27/2025,GBP,0.79
10/28/2025,USD,1.0
10/28/2025,CAD,1.32
10/28/2025,AUD,1.55
10/28/2025,EUR,0.92
10/28/2025,GBP,0.79
10/29/2025,USD,1.0
10/29/2025,CAD,1.32
10/29/2025,AUD,1.55
10/29/2025,EUR,0.92
10/29/2025,GBP,0.79
10/30/2025,USD,1.0
10/30/2025,CAD,1.32
10/30/2025,AUD,1.55
10/30/2025,EUR,0.92
10/30/2025,GBP,0.79
10/31/2025,USD,1.0
10/31/2025,CAD,1.32
10/31/2025,AUD,1.55
10/31/2025,EUR,0.92
10/31/2025,GBP,0.79
11/01/2025,USD,1.0
11/01/2025,CAD,1.32
11/01/2025,AUD,1.55
11/01/2025,EUR,0.92
11/01/2025,GBP,0.79
11/02/2025,USD,1.0
11/02/2025,CAD,1.32
11/02/2025,AUD,1.55
11/02/2025,EUR,0.92
11/02/2025,GBP,0.79
11/03/2025,USD,1.0
11/03/2025,CAD,1.32
11/03/2025,AUD,1.55
11/03/2025,EUR,0.92
11/03/2025,GBP,0.79
11/04/2025,USD,1.0
11/04/2025,CAD,1.32
11/04/2025,AUD,1.55
11/04/2025,EUR,0.92
11/04/2025,GBP,0.79
11/05/2025,USD,1.0
11/05/2025,CAD,1.32
11/05/2025,AUD,1.55
11/05/2025,EUR,0.92
11/05/2025,GBP,0.79
11/06/2025,USD,1.0
11/06/2025,CAD,1.32
11/06/2025,AUD,1.55
11/06/2025,EUR,0.92
11/06/2025,GBP,0.79
11/07/2025,USD,1.0
11/07/2025,CAD,1.32
11/07/2025,AUD,1.55
11/07/2025,EUR,0.92
11/07/2025,GBP,0.79
11/08/2025,USD,1.0
11/08/2025,CAD,1.32
11/08/2025,AUD,1.55
11/08/2025,EUR,0.92
11/08/2025,GBP,0.79
11/09/2025,USD,1.0
11/09/2025,CAD,1.32
11/09/2025,AUD,1.55
11/09/2025,EUR,0.92
11/09/2025,GBP,0.79
11/10/2025,USD,1.0
11/10/2025,CAD,1.32
11/10/2025,AUD,1.55
11/10/2025,EUR,0.92
11/10/2025,GBP,0.79
11/11/2025,USD,1.0
11/11/2025,CAD,1.32
11/11/2025,AUD,1.55
11/11/2025,EUR,0.92
11/11/2025,GBP,0.79
11/12/2025,USD,1.0
11/12/2025,CAD,1.32
11/12/2025,AUD,1.55
11/12/2025,EUR,0.92
11/12/2025,GBP,0.79
11/13/2025,USD,1.0
11/13/2025,CAD,1.32
11/13/2025,AUD,1.55
11/13/2025,EUR,0.92
11/13/2025,GBP,0.79
11/14/2025,USD,1.0
11/14/2025,CAD,1.32
11/14/2025,AUD,1.55
11/14/2025,EUR,0.92
11/14/2025,GBP,0.79
11/15/2025,USD,1.0
11/15/2025,CAD,1.32
11/15/2025,AUD,1.55
11/15/2025,EUR,0.92
11/15/2025,GBP,0.79
11/16/2025,USD,1.0
11/16/2025,CAD,1.32
11/16/2025,AUD,1.55
11/16/2025,EUR,0.92
11/16/2025,GBP,0.79
11/17/2025,USD,1.0
11/17/2025,CAD,1.32
11/17/2025,AUD,1.55
11/17/2025,EUR,0.92
11/17/2025,GBP,0.79
11/18/2025,USD,1.0
11/18/2025,CAD,1.32
11/18/2025,AUD,1.55
11/18/2025,EUR,0.92
11/18/2025,GBP,0.79
11/19/2025,USD,1.0
11/19/2025,CAD,1.32
11/19/2025,AUD,1.55
11/19/2025,EUR,0.92
11/19/2025,GBP,0.79
11/20/2025,USD,1.0
11/20/2025,CAD,1.32
11/20/2025,AUD,1.55
11/20/2025,EUR,0.92
11/20/2025,GBP,0.79
11/21/2025,USD,1.0
11/21/2025,CAD,1.32
11/21/2025,AUD,1.55
11/21/2025,EUR,0.92
11/21/2025,GBP,0.79
11/22/2025,USD,1.0
11/22/2025,CAD,1.32
11/22/2025,AUD,1.55
11/22/2025,EUR,0.92
11/22/2025,GBP,0.79
11/23/2025,USD,1.0
11/23/2025,CAD,1.32
11/23/2025,AUD,1.55
11/23/2025,EUR,0.92
11/23/2025,GBP,0.79
11/24/2025,USD,1.0
11/24/2025,CAD,1.32
11/24/2025,AUD,1.55
11/24/2025,EUR,0.92
11/24/2025,GBP,0.79
11/25/2025,USD,1.0
11/25/2025,CAD,1.32
11/25/2025,AUD,1.55
11/25/2025,EUR,0.92
11/25/2025,GBP,0.79
11/26/2025,USD,1.0
11/26/2025,CAD,1.32
11/26/2025,AUD,1.55
11/26/2025,EUR,0.92
11/26/2025,GBP,0.79
11/27/2025,USD,1.0
11/27/2025,CAD,1.32
11/27/2025,AUD,1.55
11/27/2025,EUR,0.92
11/27/2025,GBP,0.79
11/28/2025,USD,1.0
11/28/2025,CAD,1.32
11/28/2025,AUD,1.55
11/28/2025,EUR,0.92
11/28/2025,GBP,0.79
11/29/2025,USD,1.0
11/29/2025,CAD,1.32
11/29/2025,AUD,1.55
11/29/2025,EUR,0.92
11/29/2025,GBP,0.79
11/30/2025,USD,1.0
11/30/2025,CAD,1.32
11/30/2025,AUD,1.55
11/30/2025,EUR,0.92
11/30/2025,GBP,0.79
12/01/2025,USD,1.0
12/01/2025,CAD,1.32
12/01/2025,AUD,1.55
12/01/2025,EUR,0.92
12/01/2025,GBP,0.79
12/02/2025,USD,1.0
12/02/2025,CAD,1.32
12/02/2025,AUD,1.55
12/02/2025,EUR,0.92
12/02/2025,GBP,0.79
12/03/2025,USD,1.0
12/03/2025,CAD,1.32
12/03/2025,AUD,1.55
12/03/2025,EUR,0.92
12/03/2025,GBP,0.79
12/04/2025,USD,1.0
12/04/2025,CAD,1.32
12/04/2025,AUD,1.55
12/04/2025,EUR,0.92
12/04/2025,GBP,0.79
12/05/2025,USD,1.0
12/05/2025,CAD,1.32
12/05/2025,AUD,1.55
12/05/2025,EUR,0.92
12/05/2025,GBP,0.79
12/06/2025,USD,1.0
12/06/2025,CAD,1.32
12/06/2025,AUD,1.55
12/06/2025,EUR,0.92
12/06/2025,GBP,0.79
12/07/2025,USD,1.0
12/07/2025,CAD,1.32
12/07/2025,AUD,1.55
12/07/2025,EUR,0.92
12/07/2025,GBP,0.79
12/08/2025,USD,1.0
12/08/2025,CAD,1.32
12/08/2025,AUD,1.55
12/08/2025,EUR,0.92
12/08/2025,GBP,0.79
12/09/2025,USD,1.0
12/09/2025,CAD,1.32
12/09/2025,AUD,1.55
12/09/2025,EUR,0.92
12/09/2025,GBP,0.79
12/10/2025,USD,1.0
12/10/2025,CAD,1.32
12/10/2025,AUD,1.55
12/10/2025,EUR,0.92
12/10/2025,GBP,0.79
12/11/2025,USD,1.0
12/11/2025,CAD,1.32
12/11/2025,AUD,1.55
12/11/2025,EUR,0.92
12/11/2025,GBP,0.79
12/12/2025,USD,1.0
12/12/2025,CAD,1.32
12/12/2025,AUD,1.55
12/12/2025,EUR,0.92
12/12/2025,GBP,0.79
12/13/2025,USD,1.0
12/13/2025,CAD,1.32
12/13/2025,AUD,1.55
12/13/2025,EUR,0.92
12/13/2025,GBP,0.79
12/14/2025,USD,1.0
12/14/2025,CAD,1.32
12/14/2025,AUD,1.55
12/14/2025,EUR,0.92
12/14/2025,GBP,0.79
12/15/2025,USD,1.0
12/15/2025,CAD,1.32
12/15/2025,AUD,1.55
12/15/2025,EUR,0.92
12/15/2025,GBP,0.79
12/16/2025,USD,1.0
12/16/2025,CAD,1.32
12/16/2025,AUD,1.55
12/16/2025,EUR,0.92
12/16/2025,GBP,0.79
12/17/2025,USD,1.0
12/17/2025,CAD,1.32
12/17/2025,AUD,1.55
12/17/2025,EUR,0.92
12/17/2025,GBP,0.79
12/18/2025,USD,1.0
12/18/2025,CAD,1.32
12/18/2025,AUD,1.55
12/18/2025,EUR,0.92
12/18/2025,GBP,0.79
12/19/2025,USD,1.0
12/19/2025,CAD,1.32
12/19/2025,AUD,1.55
12/19/2025,EUR,0.92
12/19/2025,GBP,0.79
12/20/2025,USD,1.0
12/20/2025,CAD,1.32
12/20/2025,AUD,1.55
12/20/2025,EUR,0.92
12/20/2025,GBP,0.79
12/21/2025,USD,1.0
12/21/2025,CAD,1.32
12/21/2025,AUD,1.55
12/21/2025,EUR,0.92
12/21/2025,GBP,0.79
12/22/2025,USD,1.0
12/22/2025,CAD,1.32
12/22/2025,AUD,1.55
12/22/2025,EUR,0.92
12/22/2025,GBP,0.79
12/23/2025,USD,1.0
12/23/2025,CAD,1.32
12/23/2025,AUD,1.55
12/23/2025,EUR,0.92
12/23/2025,GBP,0.79
12/24/2025,USD,1.0
12/24/2025,CAD,1.32
12/24/2025,AUD,1.55
12/24/2025,EUR,0.92
12/24/2025,GBP,0.79
12/25/2025,USD,1.0
12/25/2025,CAD,1.32
12/25/2025,AUD,1.55
12/25/2025,EUR,0.92
12/25/2025,GBP,0.79
12/26/2025,USD,1.0
12/26/2025,CAD,1.32
12/26/2025,AUD,1.55
12/26/2025,EUR,0.92
12/26/2025,GBP,0.79
12/27/2025,USD,1.0
12/27/2025,CAD,1.32
12/27/2025,AUD,1.55
12/27/2025,EUR,0.92
12/27/2025,GBP,0.79
12/28/2025,USD,1.0
12/28/2025,CAD,1.32
12/28/2025,AUD,1.55
12/28/2025,EUR,0.92
12/28/2025,GBP,0.79
12/29/2025,USD,1.0
12/29/2025,CAD,1.32
12/29/2025,AUD,1.55
12/29/2025,EUR,0.92
12/29/2025,GBP,0.79
12/30/2025,USD,1.0
12/30/2025,CAD,1.32
12/30/2025,AUD,1.55
12/30/2025,EUR,0.92
12/30/2025,GBP,0.79
12/31/2025,USD,1.0
12/31/2025,CAD,1.32
12/31/2025,AUD,1.55
12/31/2025,EUR,0.92
12/31/2025,GBP,0.79
