Date,Total_Orders,Total_Revenue_USD,Total_Quantity,Unique_Customers,Avg_Order_Value,Day_Of_Week,Is_Weekend,Month,Quarter
2024-01-01,90,59576.49,286,89,661.961,0,0,January,1
2024-01-02,76,77968.78,242,76,1025.905,1,0,January,1
2024-01-03,98,92614.16,320,98,945.0424489795919,2,0,January,1
2024-01-04,96,60050.58,276,95,625.526875,3,0,January,1
2024-01-05,94,86591.43,295,94,921.1854255319148,4,0,January,1
2024-01-06,84,80133.24,253,84,953.9671428571429,5,1,January,1
2024-01-07,90,60592.58,263,90,673.2508888888889,6,1,January,1
2024-01-08,93,90894.54,288,90,977.3606451612902,0,0,January,1
2024-01-09,93,75238.47,317,93,809.0158064516129,1,0,January,1
2024-01-10,89,70763.39,275,89,795.0942696629213,2,0,January,1
2024-01-11,87,65653.66,262,86,754.6397701149426,3,0,January,1
2024-01-12,80,79720.85,256,80,996.5106250000001,4,0,January,1
2024-01-13,94,71200.15,283,92,757.4484042553191,5,1,January,1
2024-01-14,85,110863.99,275,85,1304.2822352941178,6,1,January,1
2024-01-15,88,98876.89,287,88,1123.6010227272727,0,0,January,1
2024-01-16,79,64909.24,246,79,821.6359493670885,1,0,January,1
2024-01-17,95,77355.91,283,95,814.2727368421052,2,0,January,1
2024-01-18,85,67154.13,257,85,790.0485882352941,3,0,January,1
2024-01-19,81,98048.7,279,81,1210.4777777777776,4,0,January,1
2024-01-20,79,60380.2,281,78,764.306329113924,5,1,January,1
2024-01-21,82,63541.51,237,82,774.8964634146341,6,1,January,1
2024-01-22,90,70075.26,296,90,778.6139999999999,0,0,January,1
2024-01-23,77,55449.03,240,77,720.1172727272727,1,0,January,1
2024-01-24,97,69850.04,314,97,720.1035051546392,2,0,January,1
2024-01-25,93,89765.53,284,92,965.2207526881721,3,0,January,1
2024-01-26,78,64941.38,248,77,832.5817948717948,4,0,January,1
2024-01-27,99,67823.15,307,99,685.0823232323231,5,1,January,1
2024-01-28,82,57043.840000000004,220,82,695.6565853658537,6,1,January,1
2024-01-29,85,63534.88,234,85,747.4691764705882,0,0,January,1
2024-01-30,84,81657.1,237,83,972.1083333333333,1,0,January,1
2024-01-31,102,120648.12,334,102,1182.8247058823529,2,0,January,1
2024-02-01,90,96945.0,268,90,1077.1666666666667,3,0,February,1
2024-02-02,82,81184.59,241,82,990.055975609756,4,0,February,1
2024-02-03,95,76429.52,307,95,804.5212631578947,5,1,February,1
2024-02-04,80,82053.08,246,80,1025.6635,6,1,February,1
2024-02-05,68,52472.15,212,68,771.6492647058824,0,0,February,1
2024-02-06,77,65137.41,223,77,845.9403896103896,1,0,February,1
2024-02-07,92,93347.76,318,92,1014.6495652173912,2,0,February,1
2024-02-08,91,73222.54,280,91,804.6432967032966,3,0,February,1
2024-02-09,72,90024.33,212,72,1250.3379166666666,4,0,February,1
2024-02-10,86,107527.53,311,86,1250.3201162790697,5,1,February,1
2024-02-11,84,92287.71,299,84,1098.6632142857143,6,1,February,1
2024-02-12,91,96823.34,310,90,1063.9927472527472,0,0,February,1
2024-02-13,90,74199.88,266,90,824.4431111111112,1,0,February,1
2024-02-14,91,83825.7,292,90,921.1615384615384,2,0,February,1
2024-02-15,88,88187.97,270,88,1002.1360227272727,3,0,February,1
2024-02-16,105,86392.97,333,104,822.7901904761904,4,0,February,1
2024-02-17,79,65418.57,236,79,828.0831645569621,5,1,February,1
2024-02-18,81,67502.8,236,81,833.367901234568,6,1,February,1
2024-02-19,81,58990.43,270,80,728.276913580247,0,0,February,1
2024-02-20,80,56798.74,253,78,709.98425,1,0,February,1
2024-02-21,85,53549.32,253,84,629.992,2,0,February,1
2024-02-22,86,93446.1,279,86,1086.582558139535,3,0,February,1
2024-02-23,88,91234.73,276,88,1036.7582954545453,4,0,February,1
2024-02-24,96,87389.33,310,96,910.3055208333334,5,1,February,1
2024-02-25,99,106715.52,278,97,1077.9345454545455,6,1,February,1
2024-02-26,77,71067.98,262,77,922.9607792207792,0,0,February,1
2024-02-27,86,71978.94,295,86,836.9644186046512,1,0,February,1
2024-02-28,82,115575.14,266,81,1409.4529268292683,2,0,February,1
2024-02-29,71,45795.18,211,71,645.0025352112676,3,0,February,1
2024-03-01,92,66009.3,303,92,717.4923913043478,4,0,March,1
2024-03-02,86,69234.0,239,86,805.046511627907,5,1,March,1
2024-03-03,97,74968.27,280,96,772.868762886598,6,1,March,1
2024-03-04,68,45514.3,180,68,669.3279411764706,0,0,March,1
2024-03-05,80,61535.29,235,80,769.191125,1,0,March,1
2024-03-06,92,71298.07,291,92,774.9790217391305,2,0,March,1
2024-03-07,85,85784.96,317,85,1009.2348235294119,3,0,March,1
2024-03-08,86,108097.13,253,86,1256.9433720930233,4,0,March,1
2024-03-09,100,78929.43,301,100,789.2942999999999,5,1,March,1
2024-03-10,88,64202.31,284,88,729.5717045454545,6,1,March,1
2024-03-11,74,77531.29,218,74,1047.720135135135,0,0,March,1
2024-03-12,75,55298.96,240,75,737.3194666666667,1,0,March,1
2024-03-13,80,84460.17,261,79,1055.752125,2,0,March,1
2024-03-14,72,53202.67,225,72,738.9259722222222,3,0,March,1
2024-03-15,87,107761.94,281,87,1238.642988505747,4,0,March,1
2024-03-16,77,75833.31,228,77,984.8481818181818,5,1,March,1
2024-03-17,105,124691.16,363,105,1187.5348571428572,6,1,March,1
2024-03-18,75,46982.84,241,75,626.4378666666667,0,0,March,1
2024-03-19,92,71327.41,263,91,775.2979347826088,1,0,March,1
2024-03-20,83,55680.18,260,82,670.8455421686747,2,0,March,1
2024-03-21,91,90813.94,308,90,997.9553846153847,3,0,March,1
2024-03-22,96,101561.31999999999,274,96,1057.9304166666666,4,0,March,1
2024-03-23,76,59338.82,235,75,780.7739473684211,5,1,March,1
2024-03-24,76,109177.08,257,76,1436.5405263157895,6,1,March,1
2024-03-25,89,105705.75,331,88,1187.7050561797753,0,0,March,1
2024-03-26,89,81618.5,305,89,917.061797752809,1,0,March,1
2024-03-27,86,74509.59,292,86,866.3905813953488,2,0,March,1
2024-03-28,91,51015.41,267,91,560.6089010989011,3,0,March,1
2024-03-29,74,79399.21,220,74,1072.9622972972975,4,0,March,1
2024-03-30,83,66501.37,225,83,801.2213253012047,5,1,March,1
2024-03-31,87,75127.01,285,87,863.5288505747126,6,1,March,1
2024-04-01,86,91722.38,273,86,1066.5393023255815,0,0,April,2
2024-04-02,98,75742.18,266,97,772.879387755102,1,0,April,2
2024-04-03,78,79902.19,273,76,1024.3870512820513,2,0,April,2
2024-04-04,85,77443.94,279,84,911.1051764705883,3,0,April,2
2024-04-05,106,79676.15,358,104,751.6617924528301,4,0,April,2
2024-04-06,80,89402.25,265,80,1117.528125,5,1,April,2
2024-04-07,76,52908.18,249,76,696.1602631578947,6,1,April,2
2024-04-08,94,68024.41,277,94,723.6639361702128,0,0,April,2
2024-04-09,77,66965.28,279,75,869.678961038961,1,0,April,2
2024-04-10,76,78308.92,251,75,1030.3805263157894,2,0,April,2
2024-04-11,77,82024.5,248,76,1065.2532467532467,3,0,April,2
2024-04-12,116,100571.95999999999,376,116,866.9996551724137,4,0,April,2
2024-04-13,82,83909.69,252,80,1023.2889024390245,5,1,April,2
2024-04-14,80,57045.26,234,80,713.06575,6,1,April,2
2024-04-15,101,104538.93,318,101,1035.038910891089,0,0,April,2
2024-04-16,95,94505.04000000001,289,94,994.7898947368421,1,0,April,2
2024-04-17,82,76998.67,289,81,939.0081707317073,2,0,April,2
2024-04-18,93,67235.18000000001,273,92,722.9589247311828,3,0,April,2
2024-04-19,99,89629.7,322,98,905.350505050505,4,0,April,2
2024-04-20,82,89634.09999999999,258,81,1093.0987804878048,5,1,April,2
2024-04-21,85,58135.06,246,85,683.9418823529411,6,1,April,2
2024-04-22,75,62456.24,210,74,832.7498666666667,0,0,April,2
2024-04-23,88,65854.05,261,88,748.3414772727273,1,0,April,2
2024-04-24,77,58346.299999999996,233,77,757.7441558441558,2,0,April,2
2024-04-25,83,68027.52,240,83,819.6086746987952,3,0,April,2
2024-04-26,83,95596.39,271,83,1151.763734939759,4,0,April,2
2024-04-27,88,64516.29,269,88,733.139659090909,5,1,April,2
2024-04-28,84,78311.84,309,84,932.2838095238095,6,1,April,2
2024-04-29,75,59376.68,221,75,791.6890666666667,0,0,April,2
2024-04-30,97,69422.62,325,96,715.6971134020619,1,0,April,2
2024-05-01,86,98604.45,273,85,1146.5633720930232,2,0,May,2
2024-05-02,72,54480.17,232,72,756.6690277777777,3,0,May,2
2024-05-03,96,75643.38,286,96,787.9518750000001,4,0,May,2
2024-05-04,81,67628.17,263,81,834.9156790123457,5,1,May,2
2024-05-05,78,65014.23,223,77,833.5157692307693,6,1,May,2
2024-05-06,83,76443.96,290,82,921.0115662650603,0,0,May,2
2024-05-07,80,101177.25,250,80,1264.715625,1,0,May,2
2024-05-08,75,69416.62,274,75,925.5549333333332,2,0,May,2
2024-05-09,99,89460.16,349,97,903.6379797979798,3,0,May,2
2024-05-10,91,66695.73,245,91,732.9201098901099,4,0,May,2
2024-05-11,89,54114.82,304,87,608.0316853932584,5,1,May,2
2024-05-12,78,52946.38,232,78,678.7997435897436,6,1,May,2
2024-05-13,100,78330.02,296,100,783.3002,0,0,May,2
2024-05-14,79,90977.93,252,79,1151.6193670886075,1,0,May,2
2024-05-15,91,97686.73,287,91,1073.4805494505495,2,0,May,2
2024-05-16,76,72094.25,231,76,948.608552631579,3,0,May,2
2024-05-17,97,68394.47,293,97,705.0976288659793,4,0,May,2
2024-05-18,88,69329.43000000001,265,87,787.8344318181819,5,1,May,2
2024-05-19,93,92951.62,294,93,999.4797849462365,6,1,May,2
2024-05-20,87,65198.35,261,87,749.4063218390804,0,0,May,2
2024-05-21,80,59052.04,268,79,738.1505,1,0,May,2
2024-05-22,83,67983.11,248,83,819.0736144578314,2,0,May,2
2024-05-23,104,88577.93,324,104,851.7108653846153,3,0,May,2
2024-05-24,88,70203.45,264,87,797.7664772727272,4,0,May,2
2024-05-25,89,111622.7,305,89,1254.1876404494383,5,1,May,2
2024-05-26,80,88062.62,280,80,1100.7827499999999,6,1,May,2
2024-05-27,91,54477.54,215,90,598.6542857142857,0,0,May,2
2024-05-28,80,58277.72,267,79,728.4715,1,0,May,2
2024-05-29,71,61249.37,219,70,862.6671830985916,2,0,May,2
2024-05-30,89,89870.77,294,89,1009.7839325842697,3,0,May,2
2024-05-31,87,61162.43,284,87,703.0164367816092,4,0,May,2
2024-06-01,103,99965.76,355,103,970.5413592233009,5,1,June,2
2024-06-02,80,76157.72,263,80,951.9715,6,1,June,2
2024-06-03,81,61163.24,245,81,755.1017283950617,0,0,June,2
2024-06-04,83,63704.32,253,81,767.5219277108433,1,0,June,2
2024-06-05,84,73277.16,235,84,872.3471428571429,2,0,June,2
2024-06-06,103,108773.6,333,103,1056.0543689320389,3,0,June,2
2024-06-07,85,82641.03,267,85,972.2474117647058,4,0,June,2
2024-06-08,84,62909.13,259,84,748.9182142857143,5,1,June,2
2024-06-09,93,84364.24,299,91,907.142365591398,6,1,June,2
2024-06-10,91,80727.58,273,91,887.1162637362637,0,0,June,2
2024-06-11,83,86154.88,269,83,1038.0106024096385,1,0,June,2
2024-06-12,101,71900.95,291,100,711.8905940594059,2,0,June,2
2024-06-13,76,66575.64,216,76,875.9952631578948,3,0,June,2
2024-06-14,83,84713.52,232,83,1020.6448192771085,4,0,June,2
2024-06-15,71,71294.28,248,71,1004.1447887323943,5,1,June,2
2024-06-16,98,86149.29,317,98,879.074387755102,6,1,June,2
2024-06-17,80,98470.6,236,80,1230.8825000000002,0,0,June,2
2024-06-18,81,82390.55,296,81,1017.1672839506173,1,0,June,2
2024-06-19,93,55693.43,277,93,598.8540860215054,2,0,June,2
2024-06-20,86,70033.5,241,84,814.3430232558139,3,0,June,2
2024-06-21,81,61847.1,263,81,763.5444444444445,4,0,June,2
2024-06-22,72,47234.33,202,70,656.0323611111112,5,1,June,2
2024-06-23,98,107127.84999999999,288,97,1093.141326530612,6,1,June,2
2024-06-24,77,72483.02,226,75,941.3379220779221,0,0,June,2
2024-06-25,72,79071.42,253,72,1098.2141666666666,1,0,June,2
2024-06-26,90,63981.049999999996,296,88,710.9005555555555,2,0,June,2
2024-06-27,76,35156.91,202,76,462.59092105263164,3,0,June,2
2024-06-28,82,63140.88,253,81,770.0107317073171,4,0,June,2
2024-06-29,73,46126.99,208,73,631.8765753424657,5,1,June,2
2024-06-30,97,73754.76,326,96,760.3583505154638,6,1,June,2
2024-07-01,76,57779.4,238,76,760.2552631578948,0,0,July,3
2024-07-02,89,68400.4,267,89,768.5438202247191,1,0,July,3
2024-07-03,100,98964.98,310,100,989.6497999999999,2,0,July,3
2024-07-04,87,56791.33,237,87,652.773908045977,3,0,July,3
2024-07-05,81,62076.44,234,81,766.3758024691358,4,0,July,3
2024-07-06,77,45750.61,232,76,594.1637662337663,5,1,July,3
2024-07-07,79,72128.64,240,79,913.0207594936709,6,1,July,3
2024-07-08,82,59549.090000000004,271,82,726.2084146341464,0,0,July,3
2024-07-09,102,74138.86,327,101,726.851568627451,1,0,July,3
2024-07-10,90,69236.65,300,90,769.296111111111,2,0,July,3
2024-07-11,98,86177.99,276,98,879.3672448979593,3,0,July,3
2024-07-12,79,67756.63,267,77,857.6788607594938,4,0,July,3
2024-07-13,90,82388.18,262,89,915.4242222222222,5,1,July,3
2024-07-14,74,61819.47,212,74,835.3982432432433,6,1,July,3
2024-07-15,65,64571.66,208,65,993.4101538461539,0,0,July,3
2024-07-16,100,101258.01,296,100,1012.5800999999999,1,0,July,3
2024-07-17,83,73945.47,281,83,890.9092771084338,2,0,July,3
2024-07-18,85,76430.42,314,85,899.1814117647059,3,0,July,3
2024-07-19,80,83330.06,279,80,1041.62575,4,0,July,3
2024-07-20,69,66676.29,225,69,966.3230434782607,5,1,July,3
2024-07-21,91,92837.02,310,91,1020.187032967033,6,1,July,3
2024-07-22,82,96799.88,259,82,1180.4863414634146,0,0,July,3
2024-07-23,82,52950.3,245,82,645.7353658536585,1,0,July,3
2024-07-24,70,50791.24,206,69,725.5891428571429,2,0,July,3
2024-07-25,79,71087.41,298,79,899.8406329113925,3,0,July,3
2024-07-26,85,64149.59,230,84,754.7010588235294,4,0,July,3
2024-07-27,82,91055.14,261,82,1110.428536585366,5,1,July,3
2024-07-28,89,91999.06,286,89,1033.6973033707866,6,1,July,3
2024-07-29,90,83093.31,322,90,923.259,0,0,July,3
2024-07-30,78,67015.03,248,78,859.1670512820513,1,0,July,3
2024-07-31,97,90526.08,291,95,933.2585567010309,2,0,July,3
2024-08-01,81,66424.27,242,80,820.0527160493828,3,0,August,3
2024-08-02,94,102534.84,275,93,1090.796170212766,4,0,August,3
2024-08-03,88,67339.87,260,88,765.2257954545454,5,1,August,3
2024-08-04,81,67250.16,297,81,830.2488888888889,6,1,August,3
2024-08-05,74,73598.62,230,73,994.5759459459459,0,0,August,3
2024-08-06,77,72592.3,256,77,942.7571428571429,1,0,August,3
2024-08-07,76,58235.58,212,76,766.2576315789474,2,0,August,3
2024-08-08,83,69834.73,248,83,841.3822891566265,3,0,August,3
2024-08-09,88,114611.15,277,87,1302.3994318181817,4,0,August,3
2024-08-10,93,89079.04,294,93,957.8391397849462,5,1,August,3
2024-08-11,95,90838.06,270,94,956.1901052631579,6,1,August,3
2024-08-12,81,97998.58,266,81,1209.859012345679,0,0,August,3
2024-08-13,90,78010.53,257,89,866.7836666666667,1,0,August,3
2024-08-14,77,47546.12,254,76,617.4820779220779,2,0,August,3
2024-08-15,91,58443.6,275,90,642.2373626373626,3,0,August,3
2024-08-16,93,75432.42,307,93,811.1012903225807,4,0,August,3
2024-08-17,98,50738.57,253,97,517.7405102040816,5,1,August,3
2024-08-18,79,84649.61,256,78,1071.5140506329114,6,1,August,3
2024-08-19,82,47005.75,233,82,573.2408536585366,0,0,August,3
2024-08-20,74,51350.97,241,72,693.9320270270271,1,0,August,3
2024-08-21,87,65726.58,250,87,755.4779310344828,2,0,August,3
2024-08-22,75,50865.86,251,75,678.2114666666666,3,0,August,3
2024-08-23,88,87581.59,282,86,995.2453409090908,4,0,August,3
2024-08-24,80,76129.17,256,79,951.6146249999999,5,1,August,3
2024-08-25,92,75351.54000000001,288,92,819.0384782608696,6,1,August,3
2024-08-26,80,68342.23,248,80,854.277875,0,0,August,3
2024-08-27,67,77231.83,226,66,1152.7138805970148,1,0,August,3
2024-08-28,95,76646.3,269,95,806.8031578947368,2,0,August,3
2024-08-29,79,55994.52,251,79,708.7913924050632,3,0,August,3
2024-08-30,67,43951.98,217,66,655.9997014925374,4,0,August,3
2024-08-31,76,66296.58,261,76,872.3234210526316,5,1,August,3
2024-09-01,79,100256.96,275,79,1269.0754430379748,6,1,September,3
2024-09-02,78,49237.590000000004,238,78,631.2511538461539,0,0,September,3
2024-09-03,92,77979.31999999999,294,92,847.601304347826,1,0,September,3
2024-09-04,84,68404.12,257,84,814.3347619047619,2,0,September,3
2024-09-05,96,70019.79,301,95,729.3728124999999,3,0,September,3
2024-09-06,76,58649.03,259,76,771.6977631578948,4,0,September,3
2024-09-07,103,110661.24,328,101,1074.3809708737865,5,1,September,3
2024-09-08,95,74713.55,325,95,786.4584210526316,6,1,September,3
2024-09-09,88,69836.28,253,88,793.5940909090909,0,0,September,3
2024-09-10,81,61184.81,226,81,755.368024691358,1,0,September,3
2024-09-11,103,102623.96,357,101,996.3491262135923,2,0,September,3
2024-09-12,93,87002.78,279,93,935.5137634408602,3,0,September,3
2024-09-13,88,81079.83,263,87,921.3617045454546,4,0,September,3
2024-09-14,91,93132.88,281,91,1023.4382417582418,5,1,September,3
2024-09-15,85,75536.93000000001,303,83,888.6697647058825,6,1,September,3
2024-09-16,73,70151.6,197,73,960.9808219178083,0,0,September,3
2024-09-17,84,73528.45,291,83,875.3386904761904,1,0,September,3
2024-09-18,96,97656.03,301,95,1017.2503125,2,0,September,3
2024-09-19,65,74437.05,220,65,1145.1853846153847,3,0,September,3
2024-09-20,81,51822.07,239,81,639.7786419753087,4,0,September,3
2024-09-21,94,101059.06,295,93,1075.0963829787233,5,1,September,3
2024-09-22,79,77506.25,242,79,981.0917721518987,6,1,September,3
2024-09-23,83,69916.82,274,83,842.3713253012049,0,0,September,3
2024-09-24,96,76658.32,329,96,798.5241666666667,1,0,September,3
2024-09-25,87,92665.15,301,87,1065.1166666666666,2,0,September,3
2024-09-26,92,76247.46,310,92,828.7767391304349,3,0,September,3
2024-09-27,93,74510.74,274,93,801.1907526881721,4,0,September,3
2024-09-28,86,102292.5,287,86,1189.4476744186047,5,1,September,3
2024-09-29,69,78490.4,238,69,1137.5420289855072,6,1,September,3
2024-09-30,82,66632.67,260,80,812.5935365853659,0,0,September,3
2024-10-01,84,96100.35,260,84,1144.0517857142859,1,0,October,4
2024-10-02,94,95148.08,313,94,1012.2136170212766,2,0,October,4
2024-10-03,87,89421.95,271,87,1027.8385057471264,3,0,October,4
2024-10-04,79,64002.74,269,79,810.1612658227848,4,0,October,4
2024-10-05,82,53436.02,253,81,651.6587804878048,5,1,October,4
2024-10-06,87,62233.29,271,85,715.3251724137931,6,1,October,4
2024-10-07,88,87267.11,289,88,991.6717045454545,0,0,October,4
2024-10-08,82,101848.15,241,82,1242.0506097560974,1,0,October,4
2024-10-09,82,58070.56,217,82,708.1775609756097,2,0,October,4
2024-10-10,81,74545.43000000001,261,81,920.313950617284,3,0,October,4
2024-10-11,107,87178.05,308,106,814.7481308411216,4,0,October,4
2024-10-12,90,70764.01,262,89,786.2667777777777,5,1,October,4
2024-10-13,82,58650.03,257,82,715.2442682926829,6,1,October,4
2024-10-14,80,66485.62,260,80,831.07025,0,0,October,4
2024-10-15,88,64399.31,251,87,731.8103409090909,1,0,October,4
2024-10-16,83,71131.18,286,82,857.0021686746987,2,0,October,4
2024-10-17,79,69385.28,237,78,878.2946835443038,3,0,October,4
2024-10-18,102,86088.49,326,100,844.0048039215686,4,0,October,4
2024-10-19,73,46503.93,217,73,637.0401369863014,5,1,October,4
2024-10-20,78,53308.9,224,78,683.4474358974359,6,1,October,4
2024-10-21,93,69164.74,290,92,743.7068817204301,0,0,October,4
2024-10-22,74,99003.4,241,73,1337.8837837837837,1,0,October,4
2024-10-23,95,70055.88,268,94,737.4303157894738,2,0,October,4
2024-10-24,89,68494.99,274,89,769.6066292134832,3,0,October,4
2024-10-25,86,89687.55,277,85,1042.878488372093,4,0,October,4
2024-10-26,77,74319.14,237,77,965.1836363636363,5,1,October,4
2024-10-27,84,75756.14,273,84,901.8588095238096,6,1,October,4
2024-10-28,82,70267.96,236,82,856.9263414634147,0,0,October,4
2024-10-29,98,83187.7,294,98,848.854081632653,1,0,October,4
2024-10-30,66,51811.62,213,66,785.0245454545455,2,0,October,4
2024-10-31,73,63326.93,238,72,867.4921917808219,3,0,October,4
2024-11-01,88,74945.3,271,87,851.6511363636364,4,0,November,4
2024-11-02,81,61205.67,251,81,755.6255555555555,5,1,November,4
2024-11-03,116,79324.2,300,114,683.8293103448276,6,1,November,4
2024-11-04,82,94120.48999999999,274,82,1147.8108536585364,0,0,November,4
2024-11-05,88,69906.83,279,88,794.3957954545455,1,0,November,4
2024-11-06,86,81267.63,302,86,944.9724418604652,2,0,November,4
2024-11-07,81,57828.36,259,81,713.9303703703704,3,0,November,4
2024-11-08,81,96586.52,253,81,1192.4261728395063,4,0,November,4
2024-11-09,81,80716.7,262,80,996.5024691358025,5,1,November,4
2024-11-10,76,58472.47,234,75,769.374605263158,6,1,November,4
2024-11-11,80,68349.82,256,80,854.3727500000001,0,0,November,4
2024-11-12,80,92459.24,243,79,1155.7405,1,0,November,4
2024-11-13,87,94241.48,303,86,1083.2354022988504,2,0,November,4
2024-11-14,78,79737.68,208,78,1022.2779487179487,3,0,November,4
2024-11-15,88,81403.49,270,88,925.0396590909091,4,0,November,4
2024-11-16,89,64207.1,264,88,721.4280898876405,5,1,November,4
2024-11-17,90,99090.33,282,88,1101.0036666666667,6,1,November,4
2024-11-18,85,66980.71,268,85,788.0083529411766,0,0,November,4
2024-11-19,86,58361.96,277,86,678.6274418604651,1,0,November,4
2024-11-20,81,68245.28,280,80,842.5343209876543,2,0,November,4
2024-11-21,82,94309.03,284,82,1150.1101219512195,3,0,November,4
2024-11-22,82,72361.79,242,81,882.4608536585365,4,0,November,4
2024-11-23,109,70923.73,300,107,650.6764220183486,5,1,November,4
2024-11-24,98,107409.28,311,97,1096.0130612244898,6,1,November,4
2024-11-25,82,74590.13,268,82,909.6357317073172,0,0,November,4
2024-11-26,98,68682.7,272,98,700.8438775510203,1,0,November,4
2024-11-27,84,121273.29,293,84,1443.7296428571428,2,0,November,4
2024-11-28,81,104703.66,297,80,1292.6377777777777,3,0,November,4
2024-11-29,88,86452.88,262,86,982.419090909091,4,0,November,4
2024-11-30,84,108519.37999999999,253,83,1291.897380952381,5,1,November,4
2024-12-01,96,82194.72,307,95,856.195,6,1,December,4
2024-12-02,78,128105.39,253,77,1642.3767948717948,0,0,December,4
2024-12-03,84,66767.15,274,84,794.8470238095238,1,0,December,4
2024-12-04,98,66779.31,308,98,681.4215306122449,2,0,December,4
2024-12-05,92,127957.35,325,92,1390.8407608695652,3,0,December,4
2024-12-06,84,67206.79,252,84,800.0808333333332,4,0,December,4
2024-12-07,87,63205.53,265,87,726.5003448275862,5,1,December,4
2024-12-08,89,58164.87,281,89,653.5378651685394,6,1,December,4
2024-12-09,81,69404.87,246,80,856.8502469135802,0,0,December,4
2024-12-10,81,72042.55,281,81,889.4141975308643,1,0,December,4
2024-12-11,95,61707.51,259,94,649.5527368421053,2,0,December,4
2024-12-12,81,64454.25,260,81,795.7314814814815,3,0,December,4
2024-12-13,78,58849.340000000004,243,78,754.478717948718,4,0,December,4
2024-12-14,95,98985.65,327,95,1041.9542105263158,5,1,December,4
2024-12-15,83,73415.57,263,83,884.5249397590362,6,1,December,4
2024-12-16,84,55992.82,258,84,666.5811904761905,0,0,December,4
2024-12-17,87,68164.97,247,86,783.5054022988506,1,0,December,4
2024-12-18,93,66980.44,307,93,720.2197849462366,2,0,December,4
2024-12-19,77,62552.61,251,77,812.3715584415585,3,0,December,4
2024-12-20,73,59321.52,215,73,812.6235616438356,4,0,December,4
2024-12-21,76,79159.37,248,76,1041.5706578947368,5,1,December,4
2024-12-22,88,60055.3,268,88,682.4465909090909,6,1,December,4
2024-12-23,80,78732.37,249,80,984.1546249999999,0,0,December,4
2024-12-24,68,61869.51,225,67,909.8457352941177,1,0,December,4
2024-12-25,78,57703.35,219,78,739.7865384615385,2,0,December,4
2024-12-26,87,74441.73,270,86,855.6520689655172,3,0,December,4
2024-12-27,80,104047.59,257,80,1300.594875,4,0,December,4
2024-12-28,90,71402.62,268,89,793.3624444444443,5,1,December,4
2024-12-29,74,61255.82,245,74,827.7813513513513,6,1,December,4
2024-12-30,79,51110.8,235,78,646.9721518987342,0,0,December,4
2024-12-31,82,87589.36,270,81,1068.1629268292684,1,0,December,4
2025-01-01,76,37218.24,232,76,489.7136842105263,2,0,January,1
2025-01-02,79,82326.36,256,79,1042.1058227848102,3,0,January,1
2025-01-03,75,66730.08,255,75,889.7344,4,0,January,1
2025-01-04,99,96613.92,329,99,975.8981818181818,5,1,January,1
2025-01-05,113,85799.9,346,112,759.2911504424778,6,1,January,1
2025-01-06,74,65363.79,221,73,883.2944594594595,0,0,January,1
2025-01-07,95,98104.95,339,95,1032.6836842105263,1,0,January,1
2025-01-08,83,60822.09,251,83,732.7962650602409,2,0,January,1
2025-01-09,76,55076.31,202,75,724.6882894736842,3,0,January,1
2025-01-10,71,76999.15000000001,251,71,1084.4950704225353,4,0,January,1
2025-01-11,79,49499.69,235,79,626.5783544303798,5,1,January,1
2025-01-12,90,70384.48,249,90,782.0497777777778,6,1,January,1
2025-01-13,85,78384.72,268,85,922.1731764705883,0,0,January,1
2025-01-14,92,86848.54000000001,265,91,944.0058695652175,1,0,January,1
2025-01-15,79,64858.5,260,78,820.993670886076,2,0,January,1
2025-01-16,85,67551.94,268,85,794.728705882353,3,0,January,1
2025-01-17,99,91407.43,302,99,923.3073737373737,4,0,January,1
2025-01-18,89,81619.45999999999,293,89,917.0725842696628,5,1,January,1
2025-01-19,76,91962.69,243,76,1210.0353947368421,6,1,January,1
2025-01-20,78,79015.85,239,77,1013.0237179487181,0,0,January,1
2025-01-21,116,153450.08000000002,392,116,1322.8455172413794,1,0,January,1
2025-01-22,73,76165.85,266,72,1043.3678082191782,2,0,January,1
2025-01-23,87,87257.52,277,87,1002.96,3,0,January,1
2025-01-24,84,79633.05,277,83,948.0125,4,0,January,1
2025-01-25,110,86032.62,361,108,782.1147272727272,5,1,January,1
2025-01-26,83,71656.47,262,83,863.3309638554217,6,1,January,1
2025-01-27,80,64988.11,235,80,812.351375,0,0,January,1
2025-01-28,91,95664.23999999999,274,89,1051.2553846153844,1,0,January,1
2025-01-29,95,57921.13,265,94,609.6961052631578,2,0,January,1
2025-01-30,74,63303.08,230,74,855.447027027027,3,0,January,1
2025-01-31,95,85775.28,294,95,902.8976842105263,4,0,January,1
2025-02-01,102,79519.3,328,101,779.6009803921569,5,1,February,1
2025-02-02,91,108911.34,305,91,1196.827912087912,6,1,February,1
2025-02-03,88,100305.63,305,88,1139.8367045454545,0,0,February,1
2025-02-04,103,74036.15,296,102,718.797572815534,1,0,February,1
2025-02-05,73,58758.42,225,73,804.9098630136986,2,0,February,1
2025-02-06,91,80408.64,280,91,883.6114285714285,3,0,February,1
2025-02-07,81,86419.83,248,80,1066.9114814814816,4,0,February,1
2025-02-08,86,95385.45999999999,284,86,1109.1332558139534,5,1,February,1
2025-02-09,92,81285.81,303,91,883.5414130434782,6,1,February,1
2025-02-10,82,81336.85,234,82,991.9128048780489,0,0,February,1
2025-02-11,106,94055.72,328,105,887.3181132075472,1,0,February,1
2025-02-12,86,134640.13,291,85,1565.5829069767442,2,0,February,1
2025-02-13,83,55038.6,253,82,663.1156626506024,3,0,February,1
2025-02-14,107,78821.33,325,107,736.6479439252337,4,0,February,1
2025-02-15,98,109010.90000000001,328,98,1112.3561224489797,5,1,February,1
2025-02-16,90,91206.33,291,90,1013.4036666666667,6,1,February,1
2025-02-17,71,49915.2,232,71,703.0309859154929,0,0,February,1
2025-02-18,96,90983.15,288,96,947.7411458333332,1,0,February,1
2025-02-19,89,67781.48,264,89,761.5896629213482,2,0,February,1
2025-02-20,93,85567.4,277,92,920.079569892473,3,0,February,1
2025-02-21,84,76852.09,241,81,914.9058333333332,4,0,February,1
2025-02-22,87,111111.73,300,86,1277.1463218390804,5,1,February,1
2025-02-23,67,74560.14,233,67,1112.8379104477613,6,1,February,1
2025-02-24,92,72084.56,291,92,783.5278260869565,0,0,February,1
2025-02-25,82,80140.25,293,82,977.3201219512196,1,0,February,1
2025-02-26,82,75179.43000000001,277,81,916.8223170731708,2,0,February,1
2025-02-27,112,127758.3,400,112,1140.6991071428572,3,0,February,1
2025-02-28,92,82434.99,283,92,896.0325,4,0,February,1
2025-03-01,97,83856.52,317,96,864.5002061855671,5,1,March,1
2025-03-02,78,75564.76,249,78,968.7789743589743,6,1,March,1
2025-03-03,81,49108.13,224,80,606.2732098765432,0,0,March,1
2025-03-04,91,90207.38,293,89,991.2898901098902,1,0,March,1
2025-03-05,92,82524.4,307,92,897.0043478260869,2,0,March,1
2025-03-06,83,51264.08,241,83,617.6395180722892,3,0,March,1
2025-03-07,84,78064.98,304,84,929.3449999999999,4,0,March,1
2025-03-08,90,114101.32999999999,309,90,1267.7925555555555,5,1,March,1
2025-03-09,104,101142.29000000001,353,103,972.5220192307693,6,1,March,1
2025-03-10,87,86798.06,256,87,997.6788505747127,0,0,March,1
2025-03-11,91,74160.43,277,91,814.9497802197801,1,0,March,1
2025-03-12,96,93283.83,287,96,971.7065625,2,0,March,1
2025-03-13,83,45012.48,208,83,542.3190361445784,3,0,March,1
2025-03-14,91,78678.11,291,91,864.5946153846154,4,0,March,1
2025-03-15,78,87010.18,268,77,1115.5151282051281,5,1,March,1
2025-03-16,85,92235.07,281,85,1085.1184705882354,6,1,March,1
2025-03-17,92,94316.03,301,92,1025.1742391304347,0,0,March,1
2025-03-18,97,86503.04,345,97,891.7839175257732,1,0,March,1
2025-03-19,70,65658.94,253,70,937.9848571428572,2,0,March,1
2025-03-20,94,123982.45,312,94,1318.962234042553,3,0,March,1
2025-03-21,101,67446.4,275,101,667.7861386138613,4,0,March,1
2025-03-22,87,74923.97,283,87,861.1950574712644,5,1,March,1
2025-03-23,81,65359.81,253,81,806.9112345679013,6,1,March,1
2025-03-24,96,101689.8,309,96,1059.26875,0,0,March,1
2025-03-25,78,86479.12,261,78,1108.7066666666667,1,0,March,1
2025-03-26,84,69799.36,283,84,830.9447619047619,2,0,March,1
2025-03-27,87,100640.66,301,86,1156.789195402299,3,0,March,1
2025-03-28,90,79938.5,268,87,888.2055555555555,4,0,March,1
2025-03-29,89,62039.47,286,89,697.0726966292135,5,1,March,1
2025-03-30,104,94569.95,374,103,909.3264423076923,6,1,March,1
2025-03-31,88,83232.51,258,88,945.8239772727272,0,0,March,1
2025-04-01,84,93769.9,301,83,1116.3083333333332,1,0,April,2
2025-04-02,90,78925.45,306,88,876.9494444444445,2,0,April,2
2025-04-03,74,69094.2,243,73,933.7054054054054,3,0,April,2
2025-04-04,95,98347.85,303,95,1035.2405263157896,4,0,April,2
2025-04-05,101,81066.32,309,101,802.6368316831683,5,1,April,2
2025-04-06,78,67249.93000000001,254,78,862.1785897435899,6,1,April,2
2025-04-07,93,110788.41,321,92,1191.2732258064516,0,0,April,2
2025-04-08,81,81162.4,226,81,1002.0049382716048,1,0,April,2
2025-04-09,102,78765.28,314,102,772.2086274509804,2,0,April,2
2025-04-10,104,77527.95999999999,288,103,745.4611538461538,3,0,April,2
2025-04-11,64,51047.659999999996,193,64,797.6196874999999,4,0,April,2
2025-04-12,90,111081.58,312,90,1234.2397777777778,5,1,April,2
2025-04-13,84,84844.76,236,82,1010.0566666666666,6,1,April,2
2025-04-14,85,72149.87,279,85,848.8219999999999,0,0,April,2
2025-04-15,76,44015.97,239,76,579.1575,1,0,April,2
2025-04-16,100,77269.54,286,99,772.6954,2,0,April,2
2025-04-17,92,75101.09,267,92,816.3161956521739,3,0,April,2
2025-04-18,85,82367.09999999999,284,84,969.0247058823528,4,0,April,2
2025-04-19,91,65803.11,274,90,723.1110989010989,5,1,April,2
2025-04-20,85,97581.06999999999,288,85,1148.012588235294,6,1,April,2
2025-04-21,69,52561.29,209,68,761.7578260869566,0,0,April,2
2025-04-22,68,70080.16,203,68,1030.5905882352943,1,0,April,2
2025-04-23,86,61228.88,284,85,711.9637209302325,2,0,April,2
2025-04-24,77,69194.64,293,76,898.6316883116883,3,0,April,2
2025-04-25,79,79115.45,254,78,1001.4613924050633,4,0,April,2
2025-04-26,113,80860.29,301,112,715.5777876106195,5,1,April,2
2025-04-27,82,53927.46,260,82,657.6519512195122,6,1,April,2
2025-04-28,82,80818.2,245,82,985.5878048780487,0,0,April,2
2025-04-29,88,80820.55,290,88,918.4153409090909,1,0,April,2
2025-04-30,93,99285.88,285,92,1067.5901075268819,2,0,April,2
2025-05-01,79,64662.86,218,79,818.5172151898735,3,0,May,2
2025-05-02,91,93031.38,302,89,1022.3228571428572,4,0,May,2
2025-05-03,95,72283.04,332,95,760.8741052631578,5,1,May,2
2025-05-04,86,72765.2,270,86,846.106976744186,6,1,May,2
2025-05-05,96,99543.12,295,94,1036.9075,0,0,May,2
2025-05-06,89,63975.24,273,88,718.8229213483146,1,0,May,2
2025-05-07,80,78164.52,259,79,977.0565,2,0,May,2
2025-05-08,85,62750.67,259,84,738.2431764705882,3,0,May,2
2025-05-09,85,75711.41,234,85,890.7224705882353,4,0,May,2
2025-05-10,81,81758.22,233,80,1009.3607407407408,5,1,May,2
2025-05-11,78,70496.73,261,78,903.8042307692307,6,1,May,2
2025-05-12,85,87797.64,274,85,1032.9134117647059,0,0,May,2
2025-05-13,81,63955.51,256,81,789.5741975308642,1,0,May,2
2025-05-14,89,81175.51,272,89,912.0843820224718,2,0,May,2
2025-05-15,96,62315.14,282,96,649.1160416666667,3,0,May,2
2025-05-16,74,71959.05,241,74,972.4195945945946,4,0,May,2
2025-05-17,101,103929.34,335,101,1029.0033663366337,5,1,May,2
2025-05-18,90,80237.42,300,90,891.5268888888888,6,1,May,2
2025-05-19,89,72799.70999999999,286,88,817.9742696629213,0,0,May,2
2025-05-20,74,74701.61,237,74,1009.4812162162162,1,0,May,2
2025-05-21,85,58427.03,254,85,687.3768235294117,2,0,May,2
2025-05-22,108,100848.81999999999,351,105,933.7853703703703,3,0,May,2
2025-05-23,97,99516.45,314,97,1025.9427835051547,4,0,May,2
2025-05-24,80,76945.61,235,80,961.820125,5,1,May,2
2025-05-25,80,66633.61,253,78,832.920125,6,1,May,2
2025-05-26,89,64347.2,270,89,723.0022471910112,0,0,May,2
2025-05-27,85,63995.93,236,85,752.8932941176471,1,0,May,2
2025-05-28,71,87574.76,204,70,1233.4473239436618,2,0,May,2
2025-05-29,93,74914.57,267,92,805.5330107526883,3,0,May,2
2025-05-30,97,73437.24,282,96,757.0849484536083,4,0,May,2
2025-05-31,79,84590.67,248,78,1070.7679746835443,5,1,May,2
2025-06-01,85,70933.18000000001,250,85,834.508,6,1,June,2
2025-06-02,78,62542.3,237,78,801.824358974359,0,0,June,2
2025-06-03,96,73591.08,335,95,766.57375,1,0,June,2
2025-06-04,85,67476.23,265,85,793.838,2,0,June,2
2025-06-05,69,57112.62,220,69,827.7191304347826,3,0,June,2
2025-06-06,74,75631.15,209,74,1022.0425675675675,4,0,June,2
2025-06-07,96,78371.62,270,95,816.3710416666667,5,1,June,2
2025-06-08,76,69327.76,249,76,912.2073684210526,6,1,June,2
2025-06-09,73,54821.13,236,73,750.9743835616438,0,0,June,2
2025-06-10,65,68368.04000000001,216,65,1051.816,1,0,June,2
2025-06-11,83,93882.23,255,83,1131.111204819277,2,0,June,2
2025-06-12,81,85942.14,251,80,1061.014074074074,3,0,June,2
2025-06-13,81,91744.76,301,81,1132.6513580246913,4,0,June,2
2025-06-14,67,85513.37,222,67,1276.3189552238805,5,1,June,2
2025-06-15,88,91019.86,287,88,1034.316590909091,6,1,June,2
2025-06-16,79,57645.04,256,78,729.6840506329114,0,0,June,2
2025-06-17,83,55578.1,239,83,669.6156626506024,1,0,June,2
2025-06-18,73,56975.75,189,73,780.4897260273973,2,0,June,2
2025-06-19,95,85276.58,290,95,897.6482105263158,3,0,June,2
2025-06-20,86,71263.63,295,86,828.6468604651163,4,0,June,2
2025-06-21,92,68737.56,292,92,747.1473913043478,5,1,June,2
2025-06-22,89,66090.04000000001,283,88,742.5847191011237,6,1,June,2
2025-06-23,74,60935.5,266,74,823.4527027027027,0,0,June,2
2025-06-24,72,60175.44,270,71,835.77,1,0,June,2
2025-06-25,96,83013.53,322,95,864.7242708333333,2,0,June,2
2025-06-26,71,51190.47,250,71,720.9925352112676,3,0,June,2
2025-06-27,110,83824.57,344,110,762.0415454545455,4,0,June,2
2025-06-28,67,69409.85,236,67,1035.9679104477614,5,1,June,2
2025-06-29,78,63885.39,241,78,819.0434615384615,6,1,June,2
2025-06-30,100,78970.23,318,100,789.7022999999999,0,0,June,2
2025-07-01,93,66230.45999999999,269,93,712.1554838709676,1,0,July,3
2025-07-02,82,86030.56999999999,277,82,1049.1532926829268,2,0,July,3
2025-07-03,85,91196.4,247,85,1072.8988235294116,3,0,July,3
2025-07-04,94,84062.06,298,93,894.2772340425531,4,0,July,3
2025-07-05,89,85524.54,281,89,960.9498876404493,5,1,July,3
2025-07-06,89,61476.55,282,89,690.7477528089888,6,1,July,3
2025-07-07,88,81008.59999999999,271,88,920.5522727272727,0,0,July,3
2025-07-08,93,76817.32,299,93,825.9926881720431,1,0,July,3
2025-07-09,68,46965.67,228,67,690.6716176470588,2,0,July,3
2025-07-10,81,79796.92,266,80,985.1471604938272,3,0,July,3
2025-07-11,77,78887.89,258,76,1024.5180519480518,4,0,July,3
2025-07-12,66,50072.4,226,66,758.6727272727273,5,1,July,3
2025-07-13,97,80265.53,254,97,827.4796907216495,6,1,July,3
2025-07-14,75,63581.95,239,75,847.7593333333333,0,0,July,3
2025-07-15,81,53769.23,253,81,663.8176543209877,1,0,July,3
2025-07-16,72,56809.88,243,71,789.026111111111,2,0,July,3
2025-07-17,96,101263.48,322,96,1054.8279166666666,3,0,July,3
2025-07-18,79,96514.55,250,76,1221.703164556962,4,0,July,3
2025-07-19,89,72112.18000000001,287,89,810.2492134831461,5,1,July,3
2025-07-20,97,106728.72,327,96,1100.2960824742268,6,1,July,3
2025-07-21,80,69855.77,234,80,873.197125,0,0,July,3
2025-07-22,85,79569.09,265,85,936.1069411764705,1,0,July,3
2025-07-23,90,73300.73,309,88,814.4525555555555,2,0,July,3
2025-07-24,88,73687.55,277,87,837.3585227272728,3,0,July,3
2025-07-25,85,63233.88,306,85,743.928,4,0,July,3
2025-07-26,92,71076.64,297,92,772.5721739130435,5,1,July,3
2025-07-27,85,72664.69,252,84,854.878705882353,6,1,July,3
2025-07-28,79,89244.39,293,79,1129.6758227848102,0,0,July,3
2025-07-29,92,78327.99,311,92,851.391195652174,1,0,July,3
2025-07-30,83,72267.71,256,83,870.6953012048193,2,0,July,3
2025-07-31,85,60788.9,272,83,715.1635294117647,3,0,July,3
2025-08-01,78,54588.4,288,78,699.851282051282,4,0,August,3
2025-08-02,84,76308.16,254,83,908.4304761904763,5,1,August,3
2025-08-03,77,52241.33,231,77,678.4588311688312,6,1,August,3
2025-08-04,94,67068.41,291,93,713.4937234042553,0,0,August,3
2025-08-05,76,93852.09,246,76,1234.8959210526316,1,0,August,3
2025-08-06,86,78097.44,254,86,908.1097674418605,2,0,August,3
2025-08-07,98,92505.38,288,98,943.9324489795919,3,0,August,3
2025-08-08,100,94463.43,347,100,944.6342999999999,4,0,August,3
2025-08-09,101,80114.72,354,100,793.2150495049505,5,1,August,3
2025-08-10,93,78424.49,302,93,843.2740860215055,6,1,August,3
2025-08-11,91,65886.16,297,89,724.0237362637363,0,0,August,3
2025-08-12,100,84498.62,341,99,844.9861999999999,1,0,August,3
2025-08-13,98,54025.64,332,96,551.2820408163266,2,0,August,3
2025-08-14,91,67508.51,269,91,741.8517582417581,3,0,August,3
2025-08-15,78,67799.14,246,78,869.2197435897435,4,0,August,3
2025-08-16,86,67183.79,253,86,781.2068604651162,5,1,August,3
2025-08-17,89,67460.75,291,89,757.9859550561798,6,1,August,3
2025-08-18,67,58134.23,206,67,867.6750746268657,0,0,August,3
2025-08-19,91,72551.84,263,90,797.272967032967,1,0,August,3
2025-08-20,83,74275.42,231,83,894.884578313253,2,0,August,3
2025-08-21,84,53655.16,266,84,638.7519047619048,3,0,August,3
2025-08-22,78,82883.41,241,78,1062.6078205128206,4,0,August,3
2025-08-23,85,79170.76,321,85,931.4207058823529,5,1,August,3
2025-08-24,95,72310.91,280,95,761.1674736842106,6,1,August,3
2025-08-25,91,96241.97,308,91,1057.604065934066,0,0,August,3
2025-08-26,81,120153.26,287,80,1483.3735802469134,1,0,August,3
2025-08-27,96,85859.42,288,96,894.3689583333334,2,0,August,3
2025-08-28,83,74884.93000000001,290,83,902.2280722891567,3,0,August,3
2025-08-29,80,79795.4,247,80,997.4424999999999,4,0,August,3
2025-08-30,93,76867.65000000001,277,93,826.533870967742,5,1,August,3
2025-08-31,88,64921.63,323,88,737.7457954545454,6,1,August,3
2025-09-01,77,71587.95999999999,213,77,929.7137662337661,0,0,September,3
2025-09-02,85,84562.65,264,85,994.8547058823528,1,0,September,3
2025-09-03,79,61709.08,276,79,781.1275949367089,2,0,September,3
2025-09-04,82,64945.4,266,82,792.0170731707317,3,0,September,3
2025-09-05,90,94515.17,313,89,1050.1685555555555,4,0,September,3
2025-09-06,98,86910.79,310,97,886.8447959183673,5,1,September,3
2025-09-07,72,87751.3,231,71,1218.7680555555555,6,1,September,3
2025-09-08,81,88024.01,288,81,1086.716172839506,0,0,September,3
2025-09-09,91,89971.31,275,91,988.6957142857143,1,0,September,3
2025-09-10,96,69984.2,278,94,729.0020833333333,2,0,September,3
2025-09-11,108,87953.02,335,108,814.3798148148148,3,0,September,3
2025-09-12,81,100389.14,273,80,1239.3720987654322,4,0,September,3
2025-09-13,106,95078.18000000001,338,106,896.9639622641511,5,1,September,3
2025-09-14,76,52191.72,207,76,686.7331578947369,6,1,September,3
2025-09-15,86,94536.5,248,86,1099.2616279069769,0,0,September,3
2025-09-16,96,76335.23,301,94,795.1586458333333,1,0,September,3
2025-09-17,86,63650.47,303,86,740.1217441860465,2,0,September,3
2025-09-18,71,48835.45,195,71,687.8232394366197,3,0,September,3
2025-09-19,88,88953.82,280,88,1010.8388636363637,4,0,September,3
2025-09-20,79,73164.76,256,78,926.1362025316455,5,1,September,3
2025-09-21,92,88373.94,293,90,960.5863043478261,6,1,September,3
2025-09-22,88,93394.99,263,88,1061.3067045454545,0,0,September,3
2025-09-23,84,76187.74,268,84,906.9969047619048,1,0,September,3
2025-09-24,84,60919.909999999996,255,84,725.2370238095237,2,0,September,3
2025-09-25,93,67323.92,325,90,723.9131182795699,3,0,September,3
2025-09-26,72,73691.18000000001,214,72,1023.4886111111113,4,0,September,3
2025-09-27,78,56502.41,225,78,724.3898717948719,5,1,September,3
2025-09-28,70,60126.25,198,70,858.9464285714286,6,1,September,3
2025-09-29,74,65936.05,242,74,891.0277027027028,0,0,September,3
2025-09-30,76,76251.13,222,76,1003.3043421052632,1,0,September,3
2025-10-01,84,56134.39,236,84,668.2665476190476,2,0,October,4
2025-10-02,91,54189.3,250,91,595.4868131868133,3,0,October,4
2025-10-03,85,61144.78,259,85,719.3503529411764,4,0,October,4
2025-10-04,90,50014.46,228,90,555.7162222222222,5,1,October,4
2025-10-05,77,68489.14,225,77,889.4693506493506,6,1,October,4
2025-10-06,87,79762.88,274,86,916.8147126436783,0,0,October,4
2025-10-07,72,72297.77,233,72,1004.1356944444445,1,0,October,4
2025-10-08,96,72941.57,269,96,759.8080208333334,2,0,October,4
2025-10-09,65,58170.07,199,65,894.9241538461538,3,0,October,4
2025-10-10,92,80915.55,309,92,879.516847826087,4,0,October,4
2025-10-11,88,79601.49,299,88,904.5623863636364,5,1,October,4
2025-10-12,98,133855.43,331,98,1365.8717346938774,6,1,October,4
2025-10-13,89,58532.24,280,88,657.6656179775281,0,0,October,4
2025-10-14,90,74364.52,300,87,826.2724444444445,1,0,October,4
2025-10-15,84,58818.15,292,83,700.2160714285715,2,0,October,4
2025-10-16,97,53999.39,297,96,556.6947422680412,3,0,October,4
2025-10-17,95,74625.89,327,94,785.5356842105263,4,0,October,4
2025-10-18,98,95493.29,325,97,974.4213265306122,5,1,October,4
2025-10-19,91,47211.340000000004,309,90,518.8059340659341,6,1,October,4
2025-10-20,85,66841.74,258,85,786.3734117647059,0,0,October,4
2025-10-21,73,69052.33,208,73,945.9223287671233,1,0,October,4
2025-10-22,103,101748.55,302,102,987.85,2,0,October,4
2025-10-23,90,56878.02,298,90,631.978,3,0,October,4
2025-10-24,82,92966.98,279,82,1133.7436585365854,4,0,October,4
2025-10-25,100,102235.56999999999,312,99,1022.3557,5,1,October,4
2025-10-26,84,62666.369999999995,237,84,746.0282142857143,6,1,October,4
2025-10-27,91,83240.78,268,91,914.7338461538461,0,0,October,4
2025-10-28,80,101177.67,249,78,1264.720875,1,0,October,4
2025-10-29,97,115835.04,315,97,1194.1756701030927,2,0,October,4
2025-10-30,67,62726.68,193,67,936.219104477612,3,0,October,4
2025-10-31,90,64562.31,265,90,717.3589999999999,4,0,October,4
2025-11-01,86,62970.21,248,86,732.2117441860465,5,1,November,4
2025-11-02,84,93686.7,273,83,1115.317857142857,6,1,November,4
2025-11-03,83,93506.64,275,83,1126.5860240963855,0,0,November,4
2025-11-04,103,92934.28,343,103,902.2745631067961,1,0,November,4
2025-11-05,94,75153.12,283,94,799.5012765957447,2,0,November,4
2025-11-06,100,102816.32,363,100,1028.1632,3,0,November,4
2025-11-07,96,80519.56999999999,263,95,838.7455208333332,4,0,November,4
2025-11-08,91,81272.2,304,90,893.1010989010989,5,1,November,4
2025-11-09,80,61762.9,264,79,772.03625,6,1,November,4
2025-11-10,91,91529.1,269,91,1005.8142857142858,0,0,November,4
2025-11-11,92,83511.54,322,92,907.7341304347825,1,0,November,4
2025-11-12,89,100022.83,273,88,1123.8520224719102,2,0,November,4
2025-11-13,82,66289.18,243,81,808.4046341463413,3,0,November,4
2025-11-14,85,79915.18,267,84,940.178588235294,4,0,November,4
2025-11-15,86,69808.96,281,86,811.7320930232559,5,1,November,4
2025-11-16,79,71488.18,247,78,904.9136708860758,6,1,November,4
2025-11-17,68,60330.95,204,68,887.2198529411764,0,0,November,4
2025-11-18,99,73741.89,346,98,744.8675757575758,1,0,November,4
2025-11-19,82,77525.02,259,81,945.4270731707318,2,0,November,4
2025-11-20,92,75317.81999999999,265,92,818.671956521739,3,0,November,4
2025-11-21,84,62079.17,259,83,739.0377380952381,4,0,November,4
2025-11-22,74,48866.55,220,74,660.3587837837838,5,1,November,4
2025-11-23,76,76674.29,246,76,1008.8722368421052,6,1,November,4
2025-11-24,89,56539.33,240,88,635.2733707865169,0,0,November,4
2025-11-25,86,89336.99,267,84,1038.8022093023255,1,0,November,4
2025-11-26,102,100519.17,375,101,985.4820588235294,2,0,November,4
2025-11-27,88,73549.81,284,88,835.7932954545454,3,0,November,4
2025-11-28,82,58615.15,255,82,714.8189024390244,4,0,November,4
2025-11-29,86,63269.51,260,86,735.691976744186,5,1,November,4
2025-11-30,93,91798.29,284,93,987.0783870967741,6,1,November,4
2025-12-01,97,56162.89,321,96,578.9988659793814,0,0,December,4
2025-12-02,94,57626.5,274,94,613.0478723404256,1,0,December,4
2025-12-03,110,135969.75,326,108,1236.0886363636364,2,0,December,4
2025-12-04,90,56869.1,255,89,631.8788888888889,3,0,December,4
2025-12-05,96,100570.13,291,96,1047.6055208333335,4,0,December,4
2025-12-06,83,82746.24,272,82,996.9426506024097,5,1,December,4
2025-12-07,104,84626.41,288,100,813.7154807692308,6,1,December,4
2025-12-08,81,55497.89,249,80,685.1591358024691,0,0,December,4
2025-12-09,75,55984.0,261,75,746.4533333333334,1,0,December,4
2025-12-10,83,114147.17,280,83,1375.2671084337348,2,0,December,4
2025-12-11,98,77564.19,284,98,791.4713265306123,3,0,December,4
2025-12-12,95,112249.63,320,94,1181.575052631579,4,0,December,4
2025-12-13,94,73782.81,251,94,784.9235106382979,5,1,December,4
2025-12-14,111,79531.37,332,111,716.4988288288288,6,1,December,4
2025-12-15,90,84546.26,268,89,939.4028888888888,0,0,December,4
2025-12-16,81,86292.38,269,80,1065.338024691358,1,0,December,4
2025-12-17,89,77196.29,254,89,867.3740449438202,2,0,December,4
2025-12-18,89,80392.95,268,89,903.2915730337078,3,0,December,4
2025-12-19,81,61373.49,258,81,757.6974074074074,4,0,December,4
2025-12-20,78,68274.66,232,77,875.3161538461538,5,1,December,4
2025-12-21,96,69468.2,261,95,723.6270833333333,6,1,December,4
2025-12-22,74,42896.6,216,74,579.6837837837837,0,0,December,4
2025-12-23,66,49557.64,196,66,750.8733333333333,1,0,December,4
2025-12-24,85,62095.38,233,85,730.5338823529412,2,0,December,4
2025-12-25,81,61655.35,242,81,761.1771604938272,3,0,December,4
2025-12-26,82,66134.53,254,82,806.5186585365853,4,0,December,4
2025-12-27,87,58073.63,238,87,667.5129885057471,5,1,December,4
2025-12-28,88,62613.47,254,88,711.5167045454546,6,1,December,4
2025-12-29,97,84362.31,321,97,869.7145360824742,0,0,December,4
2025-12-30,78,55481.8,240,77,711.3051282051282,1,0,December,4
2025-12-31,87,65145.51,291,87,748.7989655172414,2,0,December,4
